,Game ID,Team,Away or Home,Score,Rank,Date,Field Goals,3 Pointers,Free Throws,Rebounds,Offensive Rebounds,Defensive Rebounds,Assists,Steals,Blocks,Turnovers,Fouls,Rank Diff,Score Diff,Win,Cumulative Avg Points,Cumulative Field Goals Avg,Cumulative 3 Pointers Avg,Cumulative Free Throws Avg
0,6289933,Queens (N.C.),Away team,69.0,8,4,0.3448275862068966,0.44,0.8181818181818182,38,14,24,11,8,1,13,17,1,6.0,1,69.0,0.3448275862068966,0.44,0.8181818181818182
1,6289933,Fla. Gulf Coast,Home team,63.0,7,4,0.4528301886792453,0.38095238095238093,0.5,36,8,28,8,10,5,16,16,-1,-6.0,0,63.0,0.4528301886792453,0.38095238095238093,0.5
2,6290143,Holy Cross,Away team,84.0,9,5,0.5294117647058824,0.631578947368421,0.8181818181818182,36,7,29,16,3,4,7,11,1,16.0,1,84.0,0.5294117647058824,0.631578947368421,0.8181818181818182
3,6290143,Army,Home team,68.0,8,5,0.4126984126984127,0.22857142857142856,0.5714285714285714,31,11,20,17,6,3,4,17,-1,-16.0,0,68.0,0.4126984126984127,0.22857142857142856,0.5714285714285714
4,6289929,Jacksonville,Away team,67.0,10,5,0.3793103448275862,0.3333333333333333,0.9047619047619048,36,15,21,11,6,2,7,15,9,2.0,1,67.0,0.3793103448275862,0.3333333333333333,0.9047619047619048
5,6289929,Eastern Kentucky,Home team,65.0,1,5,0.4406779661016949,0.1875,0.5882352941176471,38,16,22,10,4,4,11,15,-9,-2.0,0,65.0,0.4406779661016949,0.1875,0.5882352941176471
6,6289932,Queens (N.C.),Away team,71.0,8,5,0.38028169014084506,0.21428571428571427,0.6875,40,16,24,7,5,1,8,16,6,-12.0,0,70.0,0.3625546381738708,0.3271428571428571,0.7528409090909092
7,6289932,Stetson,Home team,83.0,2,5,0.5166666666666667,0.28,0.9333333333333333,38,6,32,11,4,4,6,18,-6,12.0,1,83.0,0.5166666666666667,0.28,0.9333333333333333
8,6290137,IUPUI,Away team,66.0,10,5,0.5102040816326531,0.18181818181818182,0.6666666666666666,25,9,16,9,9,0,19,15,3,-19.0,0,66.0,0.5102040816326531,0.18181818181818182,0.6666666666666666
9,6290137,Cleveland St.,Home team,85.0,7,5,0.6,0.4,0.45454545454545453,31,11,20,16,12,1,15,17,-3,19.0,1,85.0,0.6,0.4,0.45454545454545453
10,6290144,Loyola (MD),Away team,48.0,10,5,0.2698412698412698,0.2608695652173913,0.6153846153846154,35,16,19,7,8,2,9,17,3,-16.0,0,48.0,0.2698412698412698,0.2608695652173913,0.6153846153846154
11,6290144,Navy,Home team,64.0,7,5,0.44,0.36363636363636365,0.8,44,11,33,15,2,4,13,18,-3,16.0,1,64.0,0.44,0.36363636363636365,0.8
12,6289934,North Alabama,Away team,77.0,6,5,0.4666666666666667,0.52,0.6666666666666666,35,8,27,11,6,3,11,13,3,2.0,1,77.0,0.4666666666666667,0.52,0.6666666666666666
13,6289934,Lipscomb,Home team,75.0,3,5,0.4375,0.36,0.7692307692307693,33,10,23,11,7,4,7,14,-3,-2.0,0,75.0,0.4375,0.36,0.7692307692307693
14,6290136,Detroit,Away team,79.0,11,5,0.5087719298245614,0.34615384615384615,0.7058823529411765,27,6,21,16,7,2,14,19,5,-4.0,0,79.0,0.5087719298245614,0.34615384615384615,0.7058823529411765
15,6290136,Milwaukee,Home team,83.0,6,5,0.5333333333333333,0.10526315789473684,0.85,32,7,25,18,5,2,10,17,-5,4.0,1,83.0,0.5333333333333333,0.10526315789473684,0.85
16,6289734,Old Dominion,Away team,83.0,14,5,0.4461538461538462,0.3,0.7916666666666666,44,16,28,11,7,5,18,28,3,-9.0,0,83.0,0.4461538461538462,0.3,0.7916666666666666
17,6289734,Texas St.,Home team,92.0,11,5,0.4426229508196721,0.4,0.6956521739130435,37,14,23,13,10,6,11,17,-3,9.0,1,92.0,0.4426229508196721,0.4,0.6956521739130435
18,6290113,Long Island,Away team,66.0,7,6,0.40625,0.3,0.8461538461538461,40,14,26,7,11,1,18,22,5,-6.0,0,66.0,0.40625,0.3,0.8461538461538461
19,6290113,Merrimack,Home team,72.0,2,6,0.4074074074074074,0.36,0.8636363636363636,32,7,25,11,10,5,16,11,-5,6.0,1,72.0,0.4074074074074074,0.36,0.8636363636363636
20,6290115,F. Dickinson,Away team,61.0,5,6,0.32786885245901637,0.2777777777777778,0.8,39,12,27,11,6,2,13,17,1,-21.0,0,61.0,0.32786885245901637,0.2777777777777778,0.8
21,6290115,Le Moyne,Home team,82.0,4,6,0.4426229508196721,0.37142857142857144,0.8333333333333334,42,9,33,18,9,4,11,14,-1,21.0,1,82.0,0.4426229508196721,0.37142857142857144,0.8333333333333334
22,6289853,Southern Ind.,Away team,64.0,8,6,0.46153846153846156,0.2692307692307692,0.6923076923076923,26,8,18,13,10,6,18,27,3,-14.0,0,64.0,0.46153846153846156,0.2692307692307692,0.6923076923076923
23,6289853,Tennessee St.,Home team,78.0,5,6,0.5,0.3333333333333333,0.7941176470588235,32,9,23,10,11,2,16,17,-3,14.0,1,78.0,0.5,0.3333333333333333,0.7941176470588235
24,6289985,Radford,Away team,67.0,9,6,0.3283582089552239,0.125,0.875,51,21,30,9,3,2,9,19,1,7.0,1,67.0,0.3283582089552239,0.125,0.875
25,6289985,USC Upstate,Home team,60.0,8,6,0.42592592592592593,0.22727272727272727,0.47368421052631576,33,7,26,14,5,7,12,16,-1,-7.0,0,60.0,0.42592592592592593,0.22727272727272727,0.47368421052631576
26,6289852,Eastern Illinois,Away team,57.0,7,6,0.3770491803278688,0.21052631578947367,0.7,34,13,21,11,9,6,13,18,1,-11.0,0,57.0,0.3770491803278688,0.21052631578947367,0.7
27,6289852,SIU Edwardsville,Home team,68.0,6,6,0.44642857142857145,0.3157894736842105,0.8,39,12,27,10,8,5,14,8,-1,11.0,1,68.0,0.44642857142857145,0.3157894736842105,0.8
28,6289729,Georgia Southern,Away team,76.0,9,7,0.4745762711864407,0.375,0.7333333333333333,49,12,37,10,5,11,21,22,1,5.0,1,76.0,0.4745762711864407,0.375,0.7333333333333333
29,6289729,South Alabama,Home team,71.0,8,7,0.328125,0.2777777777777778,0.7741935483870968,32,11,21,5,10,5,8,13,-1,-5.0,0,71.0,0.328125,0.2777777777777778,0.7741935483870968
30,6290195,Missouri St.,Away team,60.0,9,7,0.44680851063829785,0.3,0.8,41,6,35,14,3,6,11,18,1,25.0,1,60.0,0.44680851063829785,0.3,0.8
31,6290195,Murray St.,Home team,35.0,8,7,0.21052631578947367,0.1,0.5625,35,14,21,5,4,1,8,17,-1,-25.0,0,35.0,0.21052631578947367,0.1,0.5625
32,6289730,Coastal Carolina,Away team,66.0,13,7,0.4,0.15,0.7894736842105263,41,15,26,8,5,3,16,13,8,-14.0,0,66.0,0.4,0.15,0.7894736842105263
33,6289730,Louisiana,Home team,80.0,5,7,0.484375,0.3103448275862069,0.6428571428571429,32,10,22,18,11,3,8,17,-8,14.0,1,80.0,0.484375,0.3103448275862069,0.6428571428571429
34,6290196,Valparaiso,Away team,61.0,12,7,0.275,0.18181818181818182,0.6470588235294118,50,21,29,10,10,5,10,15,7,-25.0,0,61.0,0.275,0.18181818181818182,0.6470588235294118
35,6290196,Belmont,Home team,86.0,5,7,0.5238095238095238,0.35714285714285715,0.5882352941176471,44,5,39,24,9,4,11,15,-7,25.0,1,86.0,0.5238095238095238,0.35714285714285715,0.5882352941176471
36,6290187,Pacific,Away team,43.0,9,7,0.25,0.21739130434782608,0.5882352941176471,26,8,18,10,5,2,16,15,1,-59.0,0,43.0,0.25,0.21739130434782608,0.5882352941176471
37,6290187,Pepperdine,Home team,102.0,8,7,0.6,0.3684210526315789,0.7083333333333334,50,13,37,28,7,2,11,16,-1,59.0,1,102.0,0.6,0.3684210526315789,0.7083333333333334
38,6289731,Texas St.,Away team,75.0,11,7,0.4642857142857143,0.2857142857142857,0.7777777777777778,44,15,29,8,9,1,15,16,5,16.0,1,83.5,0.4534543325526932,0.34285714285714286,0.7367149758454106
39,6289731,Southern Miss,Home team,59.0,6,7,0.4074074074074074,0.25,0.5789473684210527,27,9,18,12,8,6,15,19,-5,-16.0,0,59.0,0.4074074074074074,0.25,0.5789473684210527
40,6290139,Purdue Ft. Wayne,Away team,65.0,8,7,0.38333333333333336,0.375,0.7777777777777778,30,8,22,18,5,3,15,15,7,-10.0,0,65.0,0.38333333333333336,0.375,0.7777777777777778
41,6290139,Oakland,Home team,75.0,1,7,0.5094339622641509,0.3333333333333333,0.9375,34,4,30,14,10,8,12,14,-7,10.0,1,75.0,0.5094339622641509,0.3333333333333333,0.9375
42,6290140,Cleveland St.,Away team,82.0,7,7,0.48333333333333334,0.5,0.5925925925925926,38,12,26,13,5,2,8,16,5,12.0,1,83.5,0.5416666666666666,0.45,0.5235690235690236
43,6290140,Youngstown St.,Home team,70.0,2,7,0.4426229508196721,0.16129032258064516,0.7333333333333333,32,9,23,12,4,4,11,20,-5,-12.0,0,70.0,0.4426229508196721,0.16129032258064516,0.7333333333333333
44,6290145,Holy Cross,Away team,64.0,9,7,0.4807692307692308,0.2916666666666667,0.6363636363636364,26,4,22,11,3,3,12,17,8,-17.0,0,74.0,0.5050904977375565,0.4616228070175439,0.7272727272727273
45,6290145,Colgate,Home team,81.0,1,7,0.5686274509803921,0.47058823529411764,0.6818181818181818,28,3,25,19,8,3,6,8,-8,17.0,1,81.0,0.5686274509803921,0.47058823529411764,0.6818181818181818
46,6290146,Lehigh,Away team,76.0,6,7,0.5384615384615384,0.65,0.7777777777777778,39,5,34,24,10,2,18,16,3,15.0,1,76.0,0.5384615384615384,0.65,0.7777777777777778
47,6290146,Lafayette,Home team,61.0,3,7,0.3870967741935484,0.24,0.4666666666666667,29,9,20,16,13,5,10,13,-3,-15.0,0,61.0,0.3870967741935484,0.24,0.4666666666666667
48,6290147,Navy,Away team,61.0,7,7,0.36065573770491804,0.16666666666666666,0.8125,40,16,24,11,5,3,10,14,5,-9.0,0,62.5,0.400327868852459,0.26515151515151514,0.80625
49,6290147,Boston U,Home team,70.0,2,7,0.4098360655737705,0.2916666666666667,0.8666666666666667,39,14,25,15,5,6,10,17,-5,9.0,1,70.0,0.4098360655737705,0.2916666666666667,0.8666666666666667
50,6290148,Bucknell,Away team,80.0,5,7,0.46551724137931033,0.36,0.7727272727272727,34,12,22,11,7,1,3,20,1,23.0,1,80.0,0.46551724137931033,0.36,0.7727272727272727
51,6290148,American,Home team,57.0,4,7,0.3404255319148936,0.24,0.7916666666666666,33,10,23,9,0,4,11,20,-1,-23.0,0,57.0,0.3404255319148936,0.24,0.7916666666666666
52,6290197,Evansville,Away team,59.0,10,7,0.3220338983050847,0.22580645161290322,0.7777777777777778,38,14,24,12,7,1,6,17,3,6.0,1,59.0,0.3220338983050847,0.22580645161290322,0.7777777777777778
53,6290197,Illinois St.,Home team,53.0,7,7,0.375,0.23809523809523808,0.6666666666666666,36,10,26,13,4,5,12,18,-3,-6.0,0,53.0,0.375,0.23809523809523808,0.6666666666666666
54,6290804,Jacksonville,Away team,87.0,10,7,0.509090909090909,0.3888888888888889,0.75,36,15,21,10,4,0,9,21,8,-1.0,0,77.0,0.4442006269592476,0.3611111111111111,0.8273809523809523
55,6290804,Stetson,Home team,88.0,2,7,0.58,0.5909090909090909,0.6538461538461539,18,4,14,15,6,5,6,23,-8,1.0,1,85.5,0.5483333333333333,0.4354545454545455,0.7935897435897437
56,6289850,Tennessee St.,Away team,59.0,5,7,0.3382352941176471,0.2777777777777778,0.7272727272727273,36,13,23,12,15,7,12,25,1,-2.0,0,68.5,0.41911764705882354,0.3055555555555556,0.7606951871657754
57,6289850,Western Illinois,Home team,61.0,4,7,0.375,0.17647058823529413,0.5517241379310345,52,19,33,12,4,8,19,13,-1,2.0,1,61.0,0.375,0.17647058823529413,0.5517241379310345
58,6290142,N Kentucky,Away team,99.0,5,7,0.5373134328358209,0.42857142857142855,0.75,34,8,26,13,7,1,14,19,1,2.0,1,99.0,0.5373134328358209,0.42857142857142855,0.75
59,6290142,Wright St.,Home team,97.0,4,7,0.5138888888888888,0.38095238095238093,0.7142857142857143,40,14,26,17,10,3,14,18,-1,-2.0,0,97.0,0.5138888888888888,0.38095238095238093,0.7142857142857143
60,6290805,North Alabama,Away team,71.0,6,7,0.46296296296296297,0.4166666666666667,0.7272727272727273,28,7,21,10,5,1,5,15,2,-6.0,0,74.0,0.4648148148148148,0.4683333333333334,0.696969696969697
61,6290805,Austin Peay,Home team,77.0,4,7,0.5098039215686274,0.4,0.875,31,6,25,9,1,3,8,16,-2,6.0,1,77.0,0.5098039215686274,0.4,0.875
62,6290141,Milwaukee,Away team,95.0,6,7,0.5245901639344263,0.2857142857142857,0.7714285714285715,39,7,32,14,3,4,8,23,3,11.0,1,89.0,0.5289617486338798,0.19548872180451127,0.8107142857142857
63,6290141,Green Bay,Home team,84.0,3,7,0.4264705882352941,0.25806451612903225,0.72,35,10,25,14,2,3,10,25,-3,-11.0,0,84.0,0.4264705882352941,0.25806451612903225,0.72
64,6290198,Illinois-Chicago,Away team,84.0,11,7,0.4927536231884058,0.35,0.5625,42,9,33,16,6,3,10,20,5,2.0,1,84.0,0.4927536231884058,0.35,0.5625
65,6290198,Southern Ill.,Home team,82.0,6,7,0.37681159420289856,0.37142857142857144,0.68,40,10,30,16,5,3,7,16,-5,-2.0,0,82.0,0.37681159420289856,0.37142857142857144,0.68
66,6289851,SIU Edwardsville,Away team,63.0,6,7,0.3620689655172414,0.2631578947368421,0.8888888888888888,36,11,25,5,4,2,14,21,3,-15.0,0,65.5,0.4042487684729064,0.2894736842105263,0.8444444444444444
67,6289851,Morehead St.,Home team,78.0,3,7,0.5,0.3333333333333333,0.6086956521739131,34,8,26,12,5,4,9,20,-3,15.0,1,78.0,0.5,0.3333333333333333,0.6086956521739131
68,6290191,Missouri St.,Away team,59.0,9,8,0.3442622950819672,0.21428571428571427,0.7777777777777778,39,12,27,11,6,7,13,14,8,-16.0,0,59.5,0.39553540286013256,0.2571428571428571,0.788888888888889
69,6290191,Indiana St.,Home team,75.0,1,8,0.4444444444444444,0.3333333333333333,0.8181818181818182,36,7,29,23,7,3,10,16,-8,16.0,1,75.0,0.4444444444444444,0.3333333333333333,0.8181818181818182
70,6289982,Longwood,Away team,69.0,5,8,0.39655172413793105,0.3684210526315789,0.8888888888888888,35,12,23,8,8,1,7,13,1,13.0,1,69.0,0.39655172413793105,0.3684210526315789,0.8888888888888888
71,6289982,Winthrop,Home team,56.0,4,8,0.42857142857142855,0.34615384615384615,0.7142857142857143,30,6,24,15,5,6,14,18,-1,-13.0,0,56.0,0.42857142857142855,0.34615384615384615,0.7142857142857143
72,6290088,William & Mary,Away team,79.0,13,8,0.4090909090909091,0.3333333333333333,0.6086956521739131,44,14,30,12,4,2,4,12,1,17.0,1,79.0,0.4090909090909091,0.3333333333333333,0.6086956521739131
73,6290088,NC A&T,Home team,62.0,12,8,0.3939393939393939,0.15789473684210525,0.6363636363636364,41,12,29,8,2,6,6,19,-1,-17.0,0,62.0,0.3939393939393939,0.15789473684210525,0.6363636363636364
74,6290192,Belmont,Away team,62.0,5,8,0.3770491803278688,0.2962962962962963,0.5714285714285714,37,5,32,10,9,3,12,20,1,-5.0,0,74.0,0.45042935206869633,0.32671957671957674,0.5798319327731092
75,6290192,Northern Iowa,Home team,67.0,4,8,0.3333333333333333,0.2222222222222222,0.7241379310344828,46,12,34,12,7,5,11,15,-1,5.0,1,67.0,0.3333333333333333,0.2222222222222222,0.7241379310344828
76,6290089,Hampton,Away team,56.0,14,8,0.3728813559322034,0.23529411764705882,0.8888888888888888,38,9,29,15,5,4,12,19,3,1.0,1,56.0,0.3728813559322034,0.23529411764705882,0.8888888888888888
77,6290089,Elon,Home team,55.0,11,8,0.3392857142857143,0.2222222222222222,0.5238095238095238,41,14,27,9,8,3,13,12,-3,-1.0,0,55.0,0.3392857142857143,0.2222222222222222,0.5238095238095238
78,6290097,The Citadel,Away team,76.0,9,8,0.4603174603174603,0.29411764705882354,0.5652173913043478,31,11,20,11,3,3,10,16,1,-8.0,0,76.0,0.4603174603174603,0.29411764705882354,0.5652173913043478
79,6290097,Mercer,Home team,84.0,8,8,0.5660377358490566,0.5333333333333333,0.6153846153846154,35,6,29,14,7,7,9,18,-1,8.0,1,84.0,0.5660377358490566,0.5333333333333333,0.6153846153846154
80,6289983,Charleston So.,Away team,55.0,7,8,0.34545454545454546,0.3,0.6111111111111112,45,11,34,11,3,5,14,18,5,-5.0,0,55.0,0.34545454545454546,0.3,0.6111111111111112
81,6289983,UNC Asheville,Home team,60.0,2,8,0.36666666666666664,0.28,0.6923076923076923,36,7,29,16,3,2,5,15,-5,5.0,1,60.0,0.36666666666666664,0.28,0.6923076923076923
82,6290193,Evansville,Away team,58.0,10,8,0.41818181818181815,0.25,0.6666666666666666,31,3,28,8,5,3,12,18,8,-21.0,0,58.5,0.37010785824345144,0.23790322580645162,0.7222222222222222
83,6290193,Drake,Home team,79.0,2,8,0.41935483870967744,0.3103448275862069,0.8181818181818182,37,9,28,18,7,1,7,13,-8,21.0,1,79.0,0.41935483870967744,0.3103448275862069,0.8181818181818182
84,6289848,Western Illinois,Away team,57.0,4,8,0.29850746268656714,0.2222222222222222,0.6111111111111112,40,19,21,12,7,5,13,12,3,-25.0,0,59.0,0.33675373134328357,0.19934640522875818,0.5814176245210728
85,6289848,Little Rock,Home team,82.0,1,8,0.53125,0.36363636363636365,0.8333333333333334,40,10,30,20,8,8,7,17,-3,25.0,1,82.0,0.53125,0.36363636363636365,0.8333333333333334
86,6289984,Presbyterian,Away team,60.0,6,8,0.39344262295081966,0.29411764705882354,0.7,37,11,26,12,8,2,13,10,3,-1.0,0,60.0,0.39344262295081966,0.29411764705882354,0.7
87,6289984,Gardner-Webb,Home team,61.0,3,8,0.43137254901960786,0.5,0.6,33,6,27,14,7,7,14,13,-3,1.0,1,61.0,0.43137254901960786,0.5,0.6
88,6290462,South Dakota,Away team,62.0,9,8,0.4074074074074074,0.375,0.6428571428571429,29,5,24,13,1,3,9,14,1,-15.0,0,62.0,0.4074074074074074,0.375,0.6428571428571429
89,6290462,Oral Roberts,Home team,77.0,8,8,0.4576271186440678,0.38461538461538464,0.8666666666666667,36,8,28,12,6,2,6,15,-1,15.0,1,77.0,0.4576271186440678,0.38461538461538464,0.8666666666666667
90,6290185,Pepperdine,Away team,52.0,8,8,0.3541666666666667,0.3125,0.7647058823529411,36,11,25,12,4,6,18,17,3,-5.0,0,77.0,0.4770833333333333,0.3404605263157895,0.7365196078431373
91,6290185,San Diego,Home team,57.0,5,8,0.3090909090909091,0.42105263157894735,0.6521739130434783,40,16,24,11,12,2,14,20,-3,5.0,1,57.0,0.3090909090909091,0.42105263157894735,0.6521739130434783
92,6290194,Illinois-Chicago,Away team,47.0,11,8,0.24074074074074073,0.125,0.72,28,8,20,7,12,3,10,15,8,-27.0,0,65.5,0.3667471819645733,0.2375,0.64125
93,6290194,Bradley,Home team,74.0,3,8,0.5283018867924528,0.5217391304347826,0.42857142857142855,47,9,38,17,7,6,17,19,-8,27.0,1,74.0,0.5283018867924528,0.5217391304347826,0.42857142857142855
94,6289849,Morehead St.,Away team,84.0,3,8,0.42857142857142855,0.45714285714285713,0.5333333333333333,45,15,30,20,5,3,12,14,1,6.0,1,81.0,0.4642857142857143,0.3952380952380952,0.5710144927536231
95,6289849,UT Martin,Home team,78.0,2,8,0.4153846153846154,0.25,0.8571428571428571,38,9,29,6,7,7,10,14,-1,-6.0,0,78.0,0.4153846153846154,0.25,0.8571428571428571
96,6290186,LMU,Away team,70.0,7,8,0.47540983606557374,0.3333333333333333,1.0,29,10,19,14,6,4,6,15,1,-8.0,0,70.0,0.47540983606557374,0.3333333333333333,1.0
97,6290186,Portland,Home team,78.0,6,8,0.4807692307692308,0.4827586206896552,0.7777777777777778,33,11,22,14,4,1,9,6,-1,8.0,1,78.0,0.4807692307692308,0.4827586206896552,0.7777777777777778
98,6289979,Longwood,Away team,80.0,5,9,0.4406779661016949,0.5333333333333333,0.7142857142857143,40,13,27,16,4,4,14,22,4,1.0,1,74.5,0.41861484511981295,0.4508771929824561,0.8015873015873016
99,6289979,High Point,Home team,79.0,1,9,0.39344262295081966,0.3333333333333333,0.7407407407407407,35,14,21,10,5,2,12,21,-4,-1.0,0,79.0,0.39344262295081966,0.3333333333333333,0.7407407407407407
100,6290084,Campbell,Away team,67.0,9,9,0.4418604651162791,0.38095238095238093,0.75,21,5,16,10,7,2,13,13,1,-23.0,0,67.0,0.4418604651162791,0.38095238095238093,0.75
101,6290084,Monmouth,Home team,90.0,8,9,0.5522388059701493,0.3333333333333333,0.8888888888888888,37,14,23,22,6,3,9,21,-1,23.0,1,90.0,0.5522388059701493,0.3333333333333333,0.8888888888888888
102,6290093,Mercer,Away team,57.0,8,9,0.3684210526315789,0.2222222222222222,0.6875,33,11,22,6,8,8,9,10,7,-13.0,0,70.5,0.46722939424031773,0.37777777777777777,0.6514423076923077
103,6290093,Samford,Home team,70.0,1,9,0.45,0.4166666666666667,0.8571428571428571,40,12,28,13,5,2,12,15,-7,13.0,1,70.0,0.45,0.4166666666666667,0.8571428571428571
104,6291015,Le Moyne,Away team,51.0,4,9,0.3469387755102041,0.3,0.9166666666666666,33,9,24,10,7,0,16,16,2,-10.0,0,66.5,0.3947808631649381,0.33571428571428574,0.875
105,6291015,Merrimack,Home team,61.0,2,9,0.42857142857142855,0.28,0.9230769230769231,29,5,24,12,9,5,12,16,-2,10.0,1,66.5,0.41798941798941797,0.32,0.8933566433566433
106,6289725,Georgia Southern,Away team,80.0,9,9,0.36585365853658536,0.36,0.7333333333333333,36,17,19,12,11,1,4,21,8,-5.0,0,78.0,0.420214964861513,0.3675,0.7333333333333333
107,6289725,Appalachian St.,Home team,85.0,1,9,0.5172413793103449,0.2,0.8518518518518519,47,11,36,17,3,12,17,13,-8,5.0,1,85.0,0.5172413793103449,0.2,0.8518518518518519
108,6289980,Gardner-Webb,Away team,72.0,3,9,0.4,0.25,0.6666666666666666,45,13,32,14,4,2,17,21,1,-11.0,0,66.5,0.41568627450980394,0.375,0.6333333333333333
109,6289980,UNC Asheville,Home team,83.0,2,9,0.4838709677419355,0.34615384615384615,0.6363636363636364,33,4,29,23,9,6,9,15,-1,11.0,1,71.5,0.4252688172043011,0.3130769230769231,0.6643356643356644
110,6290802,Maine,Away team,58.0,6,9,0.3220338983050847,0.2727272727272727,0.7777777777777778,23,9,14,9,10,3,9,12,3,-26.0,0,58.0,0.3220338983050847,0.2727272727272727,0.7777777777777778
111,6290802,Bryant,Home team,84.0,3,9,0.5818181818181818,0.6470588235294118,0.8181818181818182,41,9,32,17,6,6,15,16,-3,26.0,1,84.0,0.5818181818181818,0.6470588235294118,0.8181818181818182
112,6290085,William & Mary,Away team,56.0,13,9,0.3620689655172414,0.3333333333333333,0.5714285714285714,36,12,24,12,2,1,11,17,8,-11.0,0,67.5,0.38557993730407525,0.3333333333333333,0.5900621118012422
113,6290085,Towson,Home team,67.0,5,9,0.4,0.3333333333333333,0.8095238095238095,38,11,27,11,7,7,7,13,-8,11.0,1,67.0,0.4,0.3333333333333333,0.8095238095238095
114,6290094,East Tenn. St.,Away team,73.0,7,9,0.43333333333333335,0.5,0.5,42,18,24,10,8,2,14,12,5,11.0,1,73.0,0.43333333333333335,0.5,0.5
115,6290094,UNC Greensboro,Home team,62.0,2,9,0.4,0.25925925925925924,0.7777777777777778,33,14,19,11,10,5,15,16,-5,-11.0,0,62.0,0.4,0.25925925925925924,0.7777777777777778
116,6290800,Albany,Away team,72.0,8,9,0.46551724137931033,0.36363636363636365,1.0,34,9,25,11,4,8,11,23,7,-3.0,0,72.0,0.46551724137931033,0.36363636363636365,1.0
117,6290800,Vermont,Home team,75.0,1,9,0.43636363636363634,0.25,0.71875,32,10,22,10,7,5,7,13,-7,3.0,1,75.0,0.43636363636363634,0.25,0.71875
118,6290801,Binghamton,Away team,64.0,5,9,0.5,0.3333333333333333,0.625,27,4,23,11,3,6,15,19,1,-13.0,0,64.0,0.5,0.3333333333333333,0.625
119,6290801,New Hampshire,Home team,77.0,4,9,0.4444444444444444,0.4166666666666667,0.9047619047619048,30,7,23,11,9,2,9,19,-1,13.0,1,77.0,0.4444444444444444,0.4166666666666667,0.9047619047619048
120,6290803,UMBC,Away team,89.0,7,9,0.42857142857142855,0.34375,0.75,32,6,26,20,10,6,10,23,5,-5.0,0,89.0,0.42857142857142855,0.34375,0.75
121,6290803,UMass-Lowell,Home team,94.0,2,9,0.463768115942029,0.38461538461538464,0.6451612903225806,56,16,40,17,5,4,20,13,-5,5.0,1,94.0,0.463768115942029,0.38461538461538464,0.6451612903225806
122,6290189,Northern Iowa,Away team,72.0,4,9,0.4098360655737705,0.34615384615384615,0.7647058823529411,26,6,20,12,5,1,5,15,3,-22.0,0,69.5,0.3715846994535519,0.2841880341880342,0.7444219066937119
123,6290189,Indiana St.,Home team,94.0,1,9,0.5737704918032787,0.5172413793103449,0.8181818181818182,38,6,32,22,2,0,8,16,-3,22.0,1,84.5,0.5091074681238615,0.4252873563218391,0.8181818181818182
124,6290086,Northeastern,Away team,65.0,10,9,0.35384615384615387,0.30434782608695654,0.5714285714285714,42,18,24,17,7,2,9,18,3,-10.0,0,65.0,0.35384615384615387,0.30434782608695654,0.5714285714285714
125,6290086,Stony Brook,Home team,75.0,7,9,0.42592592592592593,0.45,0.9090909090909091,36,7,29,12,3,1,11,17,-3,10.0,1,75.0,0.42592592592592593,0.45,0.9090909090909091
126,6290096,Wofford,Away team,57.0,6,9,0.36065573770491804,0.28,0.6666666666666666,36,10,26,10,9,4,11,17,3,-18.0,0,57.0,0.36065573770491804,0.28,0.6666666666666666
127,6290096,Chattanooga,Home team,75.0,3,9,0.4528301886792453,0.41935483870967744,0.7,37,7,30,17,5,4,12,15,-3,18.0,1,75.0,0.4528301886792453,0.41935483870967744,0.7
128,6290190,Bradley,Away team,67.0,3,9,0.4423076923076923,0.36363636363636365,0.8666666666666667,28,3,25,9,4,1,10,22,1,-5.0,0,70.5,0.48530478955007256,0.4426877470355731,0.6476190476190476
129,6290190,Drake,Home team,72.0,2,9,0.37037037037037035,0.4583333333333333,0.7777777777777778,35,10,25,14,5,0,8,14,-1,5.0,1,75.5,0.39486260454002386,0.3843390804597701,0.797979797979798
130,6290458,Oral Roberts,Away team,63.0,8,9,0.3728813559322034,0.34285714285714286,0.7,28,8,20,8,4,1,9,18,7,-16.0,0,70.0,0.4152542372881356,0.3637362637362638,0.7833333333333333
131,6290458,South Dakota St.,Home team,79.0,1,9,0.5510204081632653,0.4444444444444444,0.85,32,5,27,13,4,0,7,8,-7,16.0,1,79.0,0.5510204081632653,0.4444444444444444,0.85
132,6290493,Sacramento St.,Away team,72.0,10,9,0.44,0.2727272727272727,0.88,32,8,24,11,6,1,11,11,1,8.0,1,72.0,0.44,0.2727272727272727,0.88
133,6290493,Idaho,Home team,64.0,9,9,0.42857142857142855,0.3225806451612903,1.0,26,5,21,14,5,2,13,21,-1,-8.0,0,64.0,0.42857142857142855,0.3225806451612903,1.0
134,6289847,Morehead St.,Away team,69.0,3,9,0.5,0.375,0.7692307692307693,33,6,27,12,8,4,10,7,2,14.0,1,77.0,0.4761904761904762,0.38849206349206344,0.6370865849126718
135,6289847,Little Rock,Home team,55.0,1,9,0.4107142857142857,0.4375,0.4,27,8,19,8,3,3,11,9,-2,-14.0,0,68.5,0.47098214285714285,0.4005681818181818,0.6166666666666667
136,6289728,Marshall,Away team,64.0,10,9,0.3968253968253968,0.3181818181818182,0.6363636363636364,37,10,27,13,4,3,13,17,8,-17.0,0,64.0,0.3968253968253968,0.3181818181818182,0.6363636363636364
137,6289728,James Madison,Home team,81.0,2,9,0.4461538461538462,0.38095238095238093,0.625,46,15,31,15,8,2,9,11,-8,17.0,1,81.0,0.4461538461538462,0.38095238095238093,0.625
138,6290087,Hampton,Away team,50.0,14,9,0.234375,0.1935483870967742,0.8235294117647058,36,12,24,5,5,6,9,16,8,-30.0,0,53.0,0.3036281779661017,0.2144212523719165,0.8562091503267973
139,6290087,Delaware,Home team,80.0,6,9,0.4827586206896552,0.42857142857142855,0.7894736842105263,47,8,39,13,4,4,12,17,-8,30.0,1,80.0,0.4827586206896552,0.42857142857142855,0.7894736842105263
140,6290095,Furman,Away team,79.0,5,9,0.4603174603174603,0.3793103448275862,0.625,30,6,24,14,9,3,6,10,1,3.0,1,79.0,0.4603174603174603,0.3793103448275862,0.625
141,6290095,Western Carolina,Home team,76.0,4,9,0.5,0.42105263157894735,0.5454545454545454,39,9,30,12,2,0,13,14,-1,-3.0,0,76.0,0.5,0.42105263157894735,0.5454545454545454
142,6290460,Denver,Away team,61.0,7,9,0.39285714285714285,0.27586206896551724,0.6,38,8,30,11,3,5,11,19,5,1.0,1,61.0,0.39285714285714285,0.27586206896551724,0.6
143,6290460,Kansas City,Home team,60.0,2,9,0.3225806451612903,0.27586206896551724,0.631578947368421,42,14,28,8,5,2,10,18,-5,-1.0,0,60.0,0.3225806451612903,0.27586206896551724,0.631578947368421
144,6290183,San Diego,Away team,79.0,5,9,0.42857142857142855,0.2916666666666667,0.631578947368421,25,7,18,16,9,5,13,28,1,-25.0,0,68.0,0.36883116883116884,0.35635964912280704,0.6418764302059496
145,6290183,Santa Clara,Home team,104.0,4,9,0.484375,0.2692307692307692,0.8536585365853658,55,18,37,21,7,3,20,17,-1,25.0,1,104.0,0.484375,0.2692307692307692,0.8536585365853658
146,6290494,Idaho St.,Away team,68.0,8,9,0.42857142857142855,0.2857142857142857,0.5,37,13,24,8,8,2,7,8,1,8.0,1,68.0,0.42857142857142855,0.2857142857142857,0.5
147,6290494,Northern Arizona,Home team,60.0,7,9,0.4716981132075472,0.35294117647058826,0.5714285714285714,33,5,28,7,6,2,12,16,-1,-8.0,0,60.0,0.4716981132075472,0.35294117647058826,0.5714285714285714
148,6290184,Portland,Away team,51.0,6,10,0.32727272727272727,0.35714285714285715,0.8333333333333334,30,8,22,14,3,0,10,12,3,-21.0,0,64.5,0.404020979020979,0.41995073891625617,0.8055555555555556
149,6290184,San Francisco,Home team,72.0,3,10,0.5283018867924528,0.4583333333333333,0.8333333333333334,33,4,29,18,6,3,8,12,-3,21.0,1,72.0,0.5283018867924528,0.4583333333333333,0.8333333333333334
150,6289978,Longwood,Away team,85.0,5,10,0.5961538461538461,0.5384615384615384,0.6956521739130435,34,8,26,21,9,1,12,16,3,26.0,1,78.0,0.4777945121311573,0.4800719748088169,0.7662755923625489
151,6289978,UNC Asheville,Home team,59.0,2,10,0.38181818181818183,0.22727272727272727,0.8571428571428571,26,9,17,14,8,4,13,17,-3,-26.0,0,67.33333333333333,0.4107852720755947,0.2844755244755245,0.7286047286047287
152,6290080,Monmouth,Away team,59.0,8,10,0.3684210526315789,0.21052631578947367,0.8666666666666667,32,12,20,11,4,3,10,15,7,-24.0,0,74.5,0.46032992930086414,0.27192982456140347,0.8777777777777778
153,6290080,Charleston,Home team,83.0,1,10,0.5079365079365079,0.3181818181818182,0.9230769230769231,36,12,24,20,6,0,7,15,-7,24.0,1,83.0,0.5079365079365079,0.3181818181818182,0.9230769230769231
154,6290188,Drake,Away team,84.0,2,10,0.5166666666666667,0.6111111111111112,0.8461538461538461,28,4,24,12,5,2,9,15,1,4.0,1,78.33333333333333,0.43546395858223813,0.4599297573435505,0.8140378140378141
155,6290188,Indiana St.,Home team,80.0,1,10,0.5254237288135594,0.2916666666666667,0.7333333333333333,32,6,26,13,7,1,11,15,-1,-4.0,0,83.0,0.5145462216870942,0.38074712643678166,0.7898989898989899
156,6291159,Bucknell,Away team,65.0,5,10,0.38181818181818183,0.3103448275862069,0.7368421052631579,39,10,29,10,4,1,12,20,4,-3.0,0,72.5,0.42366771159874606,0.3351724137931035,0.7547846889952152
157,6291159,Colgate,Home team,68.0,1,10,0.41818181818181815,0.2,0.6071428571428571,35,9,26,11,7,4,6,17,-4,3.0,1,74.5,0.4934046345811052,0.33529411764705885,0.6444805194805194
158,6291176,Austin Peay,Away team,91.0,4,10,0.4626865671641791,0.25,0.8888888888888888,34,14,20,13,8,1,7,28,2,-3.0,0,84.0,0.48624524436640326,0.325,0.8819444444444444
159,6291176,Stetson,Home team,94.0,2,10,0.52,0.5263157894736842,0.7619047619047619,32,9,23,9,3,3,10,21,-2,3.0,1,88.33333333333333,0.5388888888888889,0.4657416267942584,0.783028083028083
160,6290081,Towson,Away team,66.0,5,10,0.47619047619047616,0.4,0.7692307692307693,36,9,27,9,4,4,16,17,1,10.0,1,66.5,0.4380952380952381,0.3666666666666667,0.7893772893772895
161,6290081,UNC Wilmington,Home team,56.0,4,10,0.37735849056603776,0.19047619047619047,0.7058823529411765,25,9,16,3,11,2,8,19,-1,-10.0,0,56.0,0.37735849056603776,0.19047619047619047,0.7058823529411765
162,6290091,Furman,Away team,77.0,5,10,0.3442622950819672,0.2894736842105263,0.7741935483870968,34,11,23,12,8,5,10,23,4,-7.0,0,78.0,0.40228987769971375,0.33439201451905626,0.6995967741935484
163,6290091,Samford,Home team,84.0,1,10,0.5490196078431373,0.2857142857142857,0.6875,36,6,30,15,8,5,15,21,-4,7.0,1,77.0,0.49950980392156863,0.35119047619047616,0.7723214285714286
164,6291160,Lehigh,Away team,84.0,6,10,0.4,0.41379310344827586,0.8,36,6,30,10,8,4,9,21,4,5.0,1,80.0,0.46923076923076923,0.531896551724138,0.788888888888889
165,6291160,Boston U,Home team,79.0,2,10,0.45614035087719296,0.5161290322580645,0.5238095238095238,37,6,31,18,3,7,16,24,-4,-5.0,0,74.5,0.43298820822548173,0.4038978494623656,0.6952380952380952
166,6290082,Stony Brook,Away team,91.0,7,10,0.5,0.375,0.6470588235294118,46,12,34,14,4,4,6,17,5,3.0,1,83.0,0.46296296296296297,0.4125,0.7780748663101604
167,6290082,Drexel,Home team,88.0,2,10,0.41333333333333333,0.35714285714285715,0.6956521739130435,42,14,28,14,4,3,5,17,-5,-3.0,0,88.0,0.41333333333333333,0.35714285714285715,0.6956521739130435
168,6291049,Arkansas St.,Away team,67.0,4,10,0.4406779661016949,0.3333333333333333,0.8333333333333334,36,14,22,8,3,1,8,14,3,2.0,1,67.0,0.4406779661016949,0.3333333333333333,0.8333333333333334
169,6291049,Appalachian St.,Home team,65.0,1,10,0.49056603773584906,0.3333333333333333,0.6923076923076923,27,7,20,10,3,3,5,12,-3,-2.0,0,75.0,0.503903708523097,0.26666666666666666,0.7720797720797721
170,6290092,East Tenn. St.,Away team,85.0,7,10,0.3291139240506329,0.32432432432432434,0.6363636363636364,52,24,28,10,13,3,9,26,4,1.0,1,79.0,0.3812236286919831,0.41216216216216217,0.5681818181818181
171,6290092,Chattanooga,Home team,84.0,3,10,0.4528301886792453,0.35294117647058826,0.75,41,8,33,10,7,4,16,23,-4,-1.0,0,79.5,0.4528301886792453,0.38614800759013285,0.725
172,6290459,North Dakota St.,Away team,58.0,5,10,0.5,0.42105263157894735,0.6666666666666666,24,6,18,11,3,2,13,11,1,-10.0,0,58.0,0.5,0.42105263157894735,0.6666666666666666
173,6290459,St. Thomas,Home team,68.0,4,10,0.5098039215686274,0.5,0.45454545454545453,26,8,18,9,6,0,11,16,-1,10.0,1,68.0,0.5098039215686274,0.5,0.45454545454545453
174,6290491,Sacramento St.,Away team,74.0,10,10,0.4,0.38095238095238093,0.7878787878787878,34,11,23,11,8,2,13,20,9,5.0,1,73.0,0.42000000000000004,0.3268398268398268,0.833939393939394
175,6290491,Eastern Wash.,Home team,69.0,1,10,0.4,0.23076923076923078,0.8518518518518519,27,8,19,15,6,4,15,24,-9,-5.0,0,69.0,0.4,0.23076923076923078,0.8518518518518519
176,6290083,Delaware,Away team,58.0,6,10,0.4107142857142857,0.30434782608695654,0.8333333333333334,31,7,24,12,2,3,15,14,3,-15.0,0,69.0,0.4467364532019704,0.36645962732919257,0.8114035087719298
177,6290083,Hofstra,Home team,73.0,3,10,0.48148148148148145,0.2777777777777778,0.8421052631578947,31,4,27,11,11,2,6,9,-3,15.0,1,73.0,0.48148148148148145,0.2777777777777778,0.8421052631578947
178,6290555,Tex. A&M-Comm.,Away team,69.0,7,10,0.46938775510204084,0.2,0.625,34,11,23,7,6,4,10,16,1,5.0,1,69.0,0.46938775510204084,0.2,0.625
179,6290555,Northwestern St.,Home team,64.0,6,10,0.3939393939393939,0.2857142857142857,0.5,42,21,21,5,4,1,11,24,-1,-5.0,0,64.0,0.3939393939393939,0.2857142857142857,0.5
180,6291050,Texas St.,Away team,68.0,11,10,0.48148148148148145,0.25,0.7222222222222222,29,7,22,11,5,6,12,19,9,-5.0,0,78.33333333333333,0.4627967155289559,0.3119047619047619,0.7318840579710145
181,6291050,James Madison,Home team,73.0,2,10,0.39655172413793105,0.4,0.7083333333333334,39,16,23,13,6,4,13,17,-9,5.0,1,77.0,0.4213527851458886,0.3904761904761905,0.6666666666666667
182,6290461,Omaha,Away team,73.0,6,10,0.5,0.26666666666666666,0.6,30,10,20,6,3,1,9,16,3,1.0,1,73.0,0.5,0.26666666666666666,0.6
183,6290461,North Dakota,Home team,72.0,3,10,0.4909090909090909,0.3333333333333333,0.8333333333333334,32,7,25,13,6,2,12,15,-3,-1.0,0,72.0,0.4909090909090909,0.3333333333333333,0.8333333333333334
184,6290492,Idaho St.,Away team,83.0,8,10,0.46774193548387094,0.3333333333333333,0.95,32,10,22,11,6,1,10,14,6,7.0,1,75.5,0.44815668202764974,0.30952380952380953,0.725
185,6290492,N Colorado,Home team,76.0,2,10,0.4603174603174603,0.36363636363636365,0.7692307692307693,30,9,21,13,4,3,12,21,-6,-7.0,0,76.0,0.4603174603174603,0.36363636363636365,0.7692307692307693
186,6290553,New Orleans,Away team,57.0,8,11,0.3958333333333333,0.23529411764705882,0.75,30,11,19,7,3,4,12,20,4,-14.0,0,57.0,0.3958333333333333,0.23529411764705882,0.75
187,6290553,Lamar,Home team,71.0,4,11,0.42857142857142855,0.1875,0.9523809523809523,35,14,21,14,7,3,8,16,-4,14.0,1,71.0,0.42857142857142855,0.1875,0.9523809523809523
188,6289736,Cleveland St.,Away team,71.0,7,11,0.4126984126984127,0.1875,0.7272727272727273,39,12,27,17,7,6,11,19,6,-3.0,0,79.33333333333333,0.49867724867724866,0.3625,0.5914702581369248
189,6289736,Oakland,Home team,74.0,1,11,0.3870967741935484,0.3225806451612903,0.6956521739130435,38,13,25,20,9,5,11,17,-6,3.0,1,74.5,0.44826536822884966,0.3279569892473118,0.8165760869565217
190,6290090,East Tenn. St.,Away team,69.0,7,11,0.4067796610169492,0.2608695652173913,0.5172413793103449,41,15,26,8,6,3,19,29,6,-7.0,0,75.66666666666667,0.38974230613363847,0.36173129651390523,0.551201671891327
191,6290090,Samford,Home team,76.0,1,11,0.4339622641509434,0.2777777777777778,0.6756756756756757,32,7,25,11,9,5,14,24,-6,7.0,1,76.66666666666667,0.47766062399802695,0.3267195767195767,0.7401061776061777
192,6290456,St. Thomas,Away team,49.0,4,11,0.3269230769230769,0.2413793103448276,0.6666666666666666,33,9,24,9,6,1,11,16,3,-10.0,0,58.5,0.41836349924585214,0.3706896551724138,0.5606060606060606
193,6290456,South Dakota St.,Home team,59.0,1,11,0.4375,0.36,0.7272727272727273,30,3,27,11,2,2,9,14,-3,10.0,1,69.0,0.4942602040816326,0.4022222222222222,0.7886363636363636
194,6291048,Arkansas St.,Away team,71.0,4,11,0.3559322033898305,0.28,0.7586206896551724,36,17,19,14,3,4,10,13,2,-20.0,0,69.0,0.3983050847457627,0.30666666666666664,0.7959770114942528
195,6291048,James Madison,Home team,91.0,2,11,0.625,0.5789473684210527,0.6666666666666666,30,5,25,16,5,5,7,18,-2,20.0,1,81.66666666666667,0.4892351900972591,0.45329991645781115,0.6666666666666666
196,6290489,Montana St.,Away team,91.0,5,11,0.5535714285714286,0.48148148148148145,0.8888888888888888,28,6,22,15,8,4,14,12,1,9.0,1,91.0,0.5535714285714286,0.48148148148148145,0.8888888888888888
197,6290489,Weber St.,Home team,82.0,4,11,0.49206349206349204,0.38461538461538464,0.7692307692307693,27,11,16,13,7,2,14,17,-1,-9.0,0,82.0,0.49206349206349204,0.38461538461538464,0.7692307692307693
198,6290058,Stony Brook,Away team,63.0,7,11,0.38,0.38095238095238093,0.7727272727272727,42,10,32,9,6,4,15,15,4,4.0,1,76.33333333333333,0.43530864197530866,0.40198412698412694,0.7762923351158646
199,6290058,Hofstra,Home team,59.0,3,11,0.3508771929824561,0.3448275862068966,0.75,30,6,24,14,10,2,10,17,-4,-4.0,0,66.0,0.41617933723196876,0.3113026819923372,0.7960526315789473
200,6290554,Tex. A&M-Comm.,Away team,51.0,7,11,0.3157894736842105,0.23076923076923078,0.6428571428571429,27,7,20,9,9,3,9,13,4,-21.0,0,60.0,0.39258861439312565,0.2153846153846154,0.6339285714285714
201,6290554,Nicholls,Home team,72.0,3,11,0.56,0.5714285714285714,0.6666666666666666,39,4,35,12,5,4,15,12,-4,21.0,1,72.0,0.56,0.5714285714285714,0.6666666666666666
202,6290181,Santa Clara,Away team,65.0,4,11,0.4716981132075472,0.5,0.6666666666666666,24,6,18,13,7,4,8,17,3,-14.0,0,84.5,0.4780365566037736,0.3846153846153846,0.7601626016260162
203,6290181,Saint Mary's,Home team,79.0,1,11,0.5357142857142857,0.375,0.5555555555555556,35,11,24,20,6,3,10,15,-3,14.0,1,79.0,0.5357142857142857,0.375,0.5555555555555556
204,6289737,Milwaukee,Away team,82.0,6,11,0.45901639344262296,0.3333333333333333,0.7,50,16,34,13,4,6,14,19,1,7.0,1,86.66666666666667,0.5056466302367942,0.24143692564745192,0.7738095238095237
205,6289737,N Kentucky,Home team,75.0,5,11,0.391304347826087,0.34615384615384615,0.8,28,8,20,18,8,3,5,21,-1,-7.0,0,87.0,0.4643088903309539,0.3873626373626373,0.775
206,6290457,Denver,Away team,66.0,7,11,0.38095238095238093,0.3333333333333333,0.47058823529411764,35,9,26,9,9,2,8,16,1,3.0,1,63.5,0.38690476190476186,0.3045977011494253,0.5352941176470588
207,6290457,Omaha,Home team,63.0,6,11,0.38461538461538464,0.25,0.7083333333333334,42,8,34,9,4,2,13,16,-1,-3.0,0,68.0,0.4423076923076923,0.2583333333333333,0.6541666666666667
208,6290490,Portland St.,Away team,81.0,6,11,0.4090909090909091,0.35294117647058826,0.7241379310344828,43,16,27,4,4,3,13,26,3,-6.0,0,81.0,0.4090909090909091,0.35294117647058826,0.7241379310344828
209,6290490,Montana,Home team,87.0,3,11,0.509090909090909,0.3333333333333333,0.7333333333333333,30,4,26,15,4,2,11,22,-3,6.0,1,87.0,0.509090909090909,0.3333333333333333,0.7333333333333333
210,6290182,San Francisco,Away team,77.0,3,11,0.4603174603174603,0.3548387096774194,0.7272727272727273,32,9,23,21,0,4,8,17,1,-12.0,0,74.5,0.4943096735549566,0.40658602150537637,0.7803030303030303
211,6290182,Gonzaga,Home team,89.0,2,11,0.5081967213114754,0.55,0.6956521739130435,37,11,26,23,5,1,3,12,-1,12.0,1,89.0,0.5081967213114754,0.55,0.6956521739130435
212,6291295,Davidson,Away team,63.0,13,12,0.4489795918367347,0.29411764705882354,0.6666666666666666,32,6,26,12,7,10,20,18,1,-8.0,0,63.0,0.4489795918367347,0.29411764705882354,0.6666666666666666
213,6291295,Fordham,Home team,71.0,12,12,0.35294117647058826,0.25,0.7083333333333334,47,22,25,13,12,4,14,18,-1,8.0,1,71.0,0.35294117647058826,0.25,0.7083333333333334
214,6291174,Oklahoma St.,Away team,62.0,13,12,0.3709677419354839,0.3103448275862069,0.6363636363636364,37,10,27,12,4,11,13,16,1,-15.0,0,62.0,0.3709677419354839,0.3103448275862069,0.6363636363636364
215,6291174,UCF,Home team,77.0,12,12,0.4032258064516129,0.5,0.75,43,13,30,12,9,9,7,8,-1,15.0,1,77.0,0.4032258064516129,0.5,0.75
216,6291095,Georgia Tech,Away team,80.0,13,12,0.47368421052631576,0.2962962962962963,0.8181818181818182,23,7,16,18,5,1,7,15,1,-4.0,0,80.0,0.47368421052631576,0.2962962962962963,0.8181818181818182
217,6291095,Notre Dame,Home team,84.0,12,12,0.5384615384615384,0.5217391304347826,0.8421052631578947,31,8,23,16,4,0,14,17,-1,4.0,1,84.0,0.5384615384615384,0.5217391304347826,0.8421052631578947
218,6291296,G. Washington,Away team,60.0,15,12,0.3469387755102041,0.43478260869565216,0.6666666666666666,42,8,34,13,4,2,10,13,5,-1.0,0,60.0,0.3469387755102041,0.43478260869565216,0.6666666666666666
219,6291296,La Salle,Home team,61.0,10,12,0.3582089552238806,0.34782608695652173,0.625,38,11,27,10,7,2,4,17,-5,1.0,1,61.0,0.3582089552238806,0.34782608695652173,0.625
220,6291175,West Virginia,Away team,85.0,14,12,0.5535714285714286,0.45454545454545453,0.7222222222222222,32,6,26,18,4,3,9,18,3,-5.0,0,85.0,0.5535714285714286,0.45454545454545453,0.7222222222222222
221,6291175,Cincinnati,Home team,90.0,11,12,0.4461538461538462,0.42105263157894735,0.7619047619047619,36,14,22,17,4,2,8,18,-3,5.0,1,90.0,0.4461538461538462,0.42105263157894735,0.7619047619047619
222,6291096,Louisville,Away team,85.0,15,12,0.5517241379310345,0.5555555555555556,1.0,26,7,19,11,6,4,16,23,5,-9.0,0,85.0,0.5517241379310345,0.5555555555555556,1.0
223,6291096,NC State,Home team,94.0,10,12,0.5294117647058824,0.3684210526315789,0.825,27,8,19,14,12,5,9,12,-5,9.0,1,94.0,0.5294117647058824,0.3684210526315789,0.825
224,6291297,Saint Louis,Away team,74.0,14,12,0.4745762711864407,0.2727272727272727,0.6,35,9,26,20,7,3,9,19,3,3.0,1,74.0,0.4745762711864407,0.2727272727272727,0.6
225,6291297,Rhode Island,Home team,71.0,11,12,0.46296296296296297,0.3157894736842105,0.625,33,8,25,12,4,3,11,17,-3,-3.0,0,71.0,0.46296296296296297,0.3157894736842105,0.625
226,6291544,New Hampshire,Away team,59.0,4,12,0.3559322033898305,0.14285714285714285,0.8666666666666667,41,11,30,10,8,5,15,14,3,-7.0,0,68.0,0.40018832391713743,0.27976190476190477,0.8857142857142857
227,6291544,Vermont,Home team,66.0,1,12,0.41379310344827586,0.2692307692307692,0.6875,36,8,28,14,11,3,10,13,-3,7.0,1,70.5,0.4250783699059561,0.2596153846153846,0.703125
228,6291263,Canisius,Away team,77.0,9,12,0.5483870967741935,0.2777777777777778,0.5714285714285714,35,9,26,15,10,6,12,16,1,16.0,1,77.0,0.5483870967741935,0.2777777777777778,0.5714285714285714
229,6291263,Mount St. Mary's,Home team,61.0,8,12,0.43636363636363634,0.42105263157894735,0.5,27,8,19,14,3,3,15,11,-1,-16.0,0,61.0,0.43636363636363634,0.42105263157894735,0.5
230,6291545,Bryant,Away team,70.0,3,12,0.46875,0.20833333333333334,0.3333333333333333,35,7,28,10,7,9,13,22,1,-7.0,0,77.0,0.5252840909090909,0.4276960784313726,0.5757575757575758
231,6291545,UMass-Lowell,Home team,77.0,2,12,0.417910447761194,0.3157894736842105,0.6521739130434783,46,13,33,12,8,2,11,15,-1,7.0,1,85.5,0.4408392818516115,0.3502024291497976,0.6486676016830295
232,6290551,Lamar,Away team,57.0,4,12,0.3617021276595745,0.3103448275862069,0.6363636363636364,34,11,23,13,3,4,17,17,3,-19.0,0,64.0,0.3951367781155015,0.24892241379310345,0.7943722943722944
233,6290551,McNeese,Home team,76.0,1,12,0.5178571428571429,0.23076923076923078,0.6,32,10,22,11,10,1,6,21,-3,19.0,1,76.0,0.5178571428571429,0.23076923076923078,0.6
234,6289735,Milwaukee,Away team,76.0,6,12,0.4393939393939394,0.21052631578947367,0.7368421052631579,37,12,25,18,3,4,7,23,5,-7.0,0,84.0,0.4890834575260805,0.23370927318295737,0.7645676691729323
235,6289735,Oakland,Home team,83.0,1,12,0.43548387096774194,0.36363636363636365,0.7777777777777778,41,13,28,17,5,11,7,15,-5,7.0,1,77.33333333333333,0.44400486914181375,0.33985011404366244,0.8036433172302737
236,6290056,Stony Brook,Away team,79.0,7,12,0.43283582089552236,0.42857142857142855,0.5,37,7,30,9,6,3,7,17,6,-3.0,0,77.0,0.43469043670536206,0.4086309523809524,0.7072192513368984
237,6290056,Charleston,Home team,82.0,1,12,0.43283582089552236,0.43333333333333335,0.6470588235294118,46,12,34,16,6,2,9,15,-6,3.0,1,82.5,0.4703861644160151,0.37575757575757573,0.7850678733031675
238,6291097,Miami (FL),Away team,65.0,14,12,0.38028169014084506,0.2413793103448276,0.5714285714285714,36,16,20,12,7,2,6,11,3,-16.0,0,65.0,0.38028169014084506,0.2413793103448276,0.5714285714285714
239,6291097,Boston College,Home team,81.0,11,12,0.49206349206349204,0.3548387096774194,0.8888888888888888,43,12,31,14,4,2,11,10,-3,16.0,1,81.0,0.49206349206349204,0.3548387096774194,0.8888888888888888
240,6291546,Wagner,Away team,54.0,6,12,0.4489795918367347,0.13333333333333333,0.5714285714285714,42,10,32,5,2,2,12,10,4,7.0,1,54.0,0.4489795918367347,0.13333333333333333,0.5714285714285714
241,6291546,Merrimack,Home team,47.0,2,12,0.2982456140350877,0.2631578947368421,1.0,27,8,19,12,5,2,9,14,-4,-7.0,0,60.0,0.3780748166713079,0.3010526315789474,0.9289044289044289
242,6291264,Manhattan,Away team,57.0,10,12,0.43478260869565216,0.38461538461538464,0.8571428571428571,31,6,25,13,5,5,12,16,3,-3.0,0,57.0,0.43478260869565216,0.38461538461538464,0.8571428571428571
243,6291264,Iona,Home team,60.0,7,12,0.38181818181818183,0.37037037037037035,0.5714285714285714,31,12,19,11,6,1,7,15,-3,3.0,1,60.0,0.38181818181818183,0.37037037037037035,0.5714285714285714
244,6290487,Sacramento St.,Away team,71.0,10,12,0.4090909090909091,0.4074074074074074,0.5,32,11,21,10,5,3,8,14,5,-3.0,0,72.33333333333333,0.41636363636363644,0.3536956870290204,0.7226262626262626
245,6290487,Montana St.,Home team,74.0,5,12,0.49122807017543857,0.4074074074074074,0.875,37,6,31,12,5,7,12,13,-5,3.0,1,82.5,0.5223997493734336,0.4444444444444444,0.8819444444444444
246,6290180,Gonzaga,Away team,60.0,2,12,0.4444444444444444,0.18181818181818182,0.7142857142857143,22,5,17,17,5,4,7,18,1,-9.0,0,74.5,0.4763205828779599,0.36590909090909096,0.7049689440993789
247,6290180,Saint Mary's,Home team,69.0,1,12,0.47058823529411764,0.4,0.6818181818181818,39,12,27,15,6,2,13,14,-1,9.0,1,74.0,0.5031512605042017,0.3875,0.6186868686868687
248,6290552,Nicholls,Away team,81.0,3,12,0.48148148148148145,0.2777777777777778,0.7272727272727273,39,9,30,11,9,2,20,19,1,8.0,1,76.5,0.5207407407407407,0.4246031746031746,0.696969696969697
249,6290552,Texas A&M-CC,Home team,73.0,2,12,0.41379310344827586,0.3333333333333333,0.8095238095238095,29,6,23,15,11,3,17,28,-1,-8.0,0,73.0,0.41379310344827586,0.3333333333333333,0.8095238095238095
250,6291255,FIU,Away team,76.0,9,12,0.5357142857142857,0.5,0.625,23,5,18,16,10,3,12,16,1,9.0,1,76.0,0.5357142857142857,0.5,0.625
251,6291255,Jacksonville St.,Home team,67.0,8,12,0.4909090909090909,0.3333333333333333,0.5,36,13,23,14,3,6,15,12,-1,-9.0,0,67.0,0.4909090909090909,0.3333333333333333,0.5
252,6290455,Denver,Away team,68.0,7,12,0.38235294117647056,0.3055555555555556,0.5,38,8,30,13,7,3,7,22,6,-8.0,0,65.0,0.38538748832866476,0.3049169859514687,0.5235294117647059
253,6290455,South Dakota St.,Home team,76.0,1,12,0.4642857142857143,0.391304347826087,0.6818181818181818,42,6,36,14,3,1,9,10,-6,8.0,1,71.33333333333333,0.4842687074829932,0.3985829307568438,0.7530303030303029
254,6291265,Siena,Away team,65.0,11,12,0.46296296296296297,0.25,1.0,27,7,20,12,7,0,13,16,5,-2.0,0,65.0,0.46296296296296297,0.25,1.0
255,6291265,Niagara,Home team,67.0,6,12,0.52,0.30434782608695654,0.6153846153846154,26,7,19,18,7,2,13,12,-5,2.0,1,67.0,0.52,0.30434782608695654,0.6153846153846154
256,6290488,Idaho St.,Away team,58.0,8,12,0.4,0.35714285714285715,0.75,29,10,19,7,5,2,10,14,5,-14.0,0,69.66666666666667,0.43210445468509984,0.3253968253968254,0.7333333333333334
257,6290488,Montana,Home team,72.0,3,12,0.5531914893617021,0.4,0.8,26,3,23,14,3,3,10,13,-5,14.0,1,79.5,0.5311411992263055,0.3666666666666667,0.7666666666666666
258,6291291,Saint Joseph's,Away team,64.0,9,13,0.45098039215686275,0.37037037037037035,0.8,28,7,21,14,6,4,12,12,1,7.0,1,64.0,0.45098039215686275,0.37037037037037035,0.8
259,6291291,George Mason,Home team,57.0,8,13,0.4107142857142857,0.07692307692307693,0.9090909090909091,31,10,21,8,5,6,9,13,-1,-7.0,0,57.0,0.4107142857142857,0.07692307692307693,0.9090909090909091
260,6291091,Florida St.,Away team,86.0,9,13,0.5370370370370371,0.23076923076923078,0.8333333333333334,34,9,25,12,10,3,10,15,1,10.0,1,86.0,0.5370370370370371,0.23076923076923078,0.8333333333333334
261,6291091,Virginia Tech,Home team,76.0,8,13,0.49056603773584906,0.25,0.75,25,5,20,14,4,1,13,20,-1,-10.0,0,76.0,0.49056603773584906,0.25,0.75
262,6291170,UCF,Away team,73.0,12,13,0.3880597014925373,0.4090909090909091,0.6666666666666666,38,14,24,8,8,3,7,18,7,-14.0,0,75.0,0.3956427539720751,0.4545454545454546,0.7083333333333333
263,6291170,BYU,Home team,87.0,5,13,0.4716981132075472,0.4666666666666667,0.7931034482758621,38,7,31,18,2,4,10,19,-7,14.0,1,87.0,0.4716981132075472,0.4666666666666667,0.7931034482758621
264,6291615,Rice,Away team,81.0,13,13,0.5272727272727272,0.5,0.7368421052631579,30,10,20,22,5,8,9,13,1,-7.0,0,81.0,0.5272727272727272,0.5,0.7368421052631579
265,6291615,Wichita St.,Home team,88.0,12,13,0.5,0.5238095238095238,0.7,36,18,18,22,6,2,6,13,-1,7.0,1,88.0,0.5,0.5238095238095238,0.7
266,6291292,Fordham,Away team,62.0,12,13,0.40816326530612246,0.36,0.7222222222222222,28,8,20,4,7,2,13,24,7,-7.0,0,66.5,0.3805522208883554,0.305,0.7152777777777778
267,6291292,VCU,Home team,69.0,5,13,0.40476190476190477,0.38095238095238093,0.6923076923076923,33,12,21,10,8,3,14,19,-7,7.0,1,69.0,0.40476190476190477,0.38095238095238093,0.6923076923076923
268,6291355,Fresno St.,Away team,77.0,9,13,0.5319148936170213,0.3333333333333333,0.9565217391304348,34,6,28,13,8,1,18,20,1,4.0,1,77.0,0.5319148936170213,0.3333333333333333,0.9565217391304348
269,6291355,Wyoming,Home team,73.0,8,13,0.4107142857142857,0.46153846153846156,0.5769230769230769,29,12,17,14,11,6,12,19,-1,-4.0,0,73.0,0.4107142857142857,0.46153846153846156,0.5769230769230769
270,6291092,Notre Dame,Away team,59.0,12,13,0.2857142857142857,0.2608695652173913,0.8928571428571429,35,12,23,7,6,2,10,16,7,-13.0,0,71.5,0.41208791208791207,0.3913043478260869,0.8674812030075187
271,6291092,Wake Forest,Home team,72.0,5,13,0.4576271186440678,0.3125,0.65,37,13,24,10,6,7,7,19,-7,13.0,1,72.0,0.4576271186440678,0.3125,0.65
272,6291171,Oklahoma,Away team,70.0,9,13,0.4791666666666667,0.38095238095238093,0.6153846153846154,30,7,23,11,8,2,18,20,1,-7.0,0,70.0,0.4791666666666667,0.38095238095238093,0.6153846153846154
273,6291171,TCU,Home team,77.0,8,13,0.4716981132075472,0.3888888888888889,0.7692307692307693,30,8,22,14,11,5,16,19,-1,7.0,1,77.0,0.4716981132075472,0.3888888888888889,0.7692307692307693
274,6291445,Alabama A&M,Away team,75.0,7,13,0.4107142857142857,0.3181818181818182,0.8461538461538461,41,12,29,15,5,3,13,22,5,12.0,1,75.0,0.4107142857142857,0.3181818181818182,0.8461538461538461
275,6291445,Alcorn St.,Home team,63.0,2,13,0.37037037037037035,0.29411764705882354,0.72,34,10,24,11,8,1,14,21,-5,-12.0,0,63.0,0.37037037037037035,0.29411764705882354,0.72
276,6291565,USC,Away team,80.0,9,13,0.5,0.4090909090909091,0.7142857142857143,33,8,25,19,10,4,12,14,1,6.0,1,80.0,0.5,0.4090909090909091,0.7142857142857143
277,6291565,Washington,Home team,74.0,8,13,0.45614035087719296,0.4583333333333333,0.7333333333333333,30,7,23,14,8,0,15,16,-1,-6.0,0,74.0,0.45614035087719296,0.4583333333333333,0.7333333333333333
278,6291616,UTSA,Away team,61.0,14,13,0.31666666666666665,0.24,0.7083333333333334,45,13,32,8,6,9,8,16,3,-3.0,0,61.0,0.31666666666666665,0.24,0.7083333333333334
279,6291616,Temple,Home team,64.0,11,13,0.36065573770491804,0.3333333333333333,0.8235294117647058,40,10,30,13,3,6,9,17,-3,3.0,1,64.0,0.36065573770491804,0.3333333333333333,0.8235294117647058
280,6291334,Xavier,Away team,76.0,9,13,0.4626865671641791,0.3181818181818182,0.7777777777777778,37,9,28,19,10,1,14,16,1,4.0,1,76.0,0.4626865671641791,0.3181818181818182,0.7777777777777778
281,6291334,Butler,Home team,72.0,8,13,0.45161290322580644,0.3076923076923077,0.8,34,7,27,16,5,6,18,15,-1,-4.0,0,72.0,0.45161290322580644,0.3076923076923077,0.8
282,6291356,San Jose St.,Away team,62.0,10,13,0.43859649122807015,0.23809523809523808,0.875,29,8,21,13,4,0,9,18,3,-10.0,0,62.0,0.43859649122807015,0.23809523809523808,0.875
283,6291356,Colorado St.,Home team,72.0,7,13,0.5283018867924528,0.3157894736842105,0.6666666666666666,32,7,25,22,2,4,8,14,-3,10.0,1,72.0,0.5283018867924528,0.3157894736842105,0.6666666666666666
284,6290550,Nicholls,Away team,76.0,3,13,0.49019607843137253,0.37037037037037035,0.8421052631578947,25,11,14,13,3,1,11,24,2,-16.0,0,76.33333333333333,0.510559186637618,0.40652557319223986,0.7453482190324295
285,6290550,McNeese,Home team,92.0,1,13,0.6136363636363636,0.55,0.7714285714285715,22,7,15,17,8,5,6,18,-2,16.0,1,84.0,0.5657467532467533,0.39038461538461544,0.6857142857142857
286,6291294,La Salle,Away team,73.0,10,13,0.49056603773584906,0.4375,0.8235294117647058,30,9,21,14,3,3,9,19,3,-2.0,0,67.0,0.42438749647986485,0.39266304347826086,0.7242647058823529
287,6291294,St. Bonaventure,Home team,75.0,7,13,0.43103448275862066,0.4,0.7916666666666666,34,15,19,12,6,5,6,14,-3,2.0,1,75.0,0.43103448275862066,0.4,0.7916666666666666
288,6291566,Oregon St.,Away team,57.0,12,13,0.4716981132075472,0.3157894736842105,0.25,29,10,19,11,6,3,12,15,7,-10.0,0,57.0,0.4716981132075472,0.3157894736842105,0.25
289,6291566,UCLA,Home team,67.0,5,13,0.5217391304347826,0.6,0.625,30,9,21,13,6,2,11,15,-7,10.0,1,67.0,0.5217391304347826,0.6,0.625
290,6291011,Coppin St.,Away team,51.0,8,13,0.3829787234042553,0.2727272727272727,0.631578947368421,25,9,16,6,9,3,19,20,7,-24.0,0,51.0,0.3829787234042553,0.2727272727272727,0.631578947368421
291,6291011,Norfolk St.,Home team,75.0,1,13,0.47058823529411764,0.3333333333333333,0.7777777777777778,36,14,22,12,12,7,15,14,-7,24.0,1,75.0,0.47058823529411764,0.3333333333333333,0.7777777777777778
292,6291253,FIU,Away team,59.0,9,13,0.34,0.3684210526315789,0.6666666666666666,26,7,19,6,5,6,11,16,8,-19.0,0,67.5,0.43785714285714283,0.4342105263157895,0.6458333333333333
293,6291253,Sam Houston St.,Home team,78.0,1,13,0.46153846153846156,0.3181818181818182,0.7857142857142857,47,17,30,18,7,2,13,21,-8,19.0,1,78.0,0.46153846153846156,0.3181818181818182,0.7857142857142857
294,6291259,Canisius,Away team,52.0,9,13,0.3548387096774194,0.23076923076923078,0.3333333333333333,34,14,20,8,6,8,14,12,8,-24.0,0,64.5,0.45161290322580644,0.25427350427350426,0.45238095238095233
295,6291259,Quinnipiac,Home team,76.0,1,13,0.49206349206349204,0.42857142857142855,0.8,39,13,26,18,6,2,9,8,-8,24.0,1,76.0,0.49206349206349204,0.42857142857142855,0.8
296,6291335,Georgetown,Away team,56.0,10,13,0.4074074074074074,0.3333333333333333,0.21052631578947367,35,12,23,12,3,5,11,18,3,-18.0,0,56.0,0.4074074074074074,0.3333333333333333,0.21052631578947367
297,6291335,Providence,Home team,74.0,7,13,0.42857142857142855,0.375,0.7777777777777778,37,10,27,16,6,2,8,17,-3,18.0,1,74.0,0.42857142857142855,0.375,0.7777777777777778
298,6291580,Rutgers,Away team,51.0,13,13,0.3114754098360656,0.23809523809523808,0.5714285714285714,33,10,23,11,9,6,11,16,1,-14.0,0,51.0,0.3114754098360656,0.23809523809523808,0.5714285714285714
299,6291580,Maryland,Home team,65.0,12,13,0.43137254901960786,0.35,0.7368421052631579,45,9,36,17,8,4,18,19,-1,14.0,1,65.0,0.43137254901960786,0.35,0.7368421052631579
300,6291093,NC State,Away team,83.0,10,13,0.42424242424242425,0.35,0.8333333333333334,40,17,23,16,11,2,10,9,3,18.0,1,88.5,0.4768270944741533,0.3592105263157894,0.8291666666666666
301,6291093,Syracuse,Home team,65.0,7,13,0.46551724137931033,0.3157894736842105,0.8333333333333334,31,8,23,15,6,3,19,15,-3,-18.0,0,65.0,0.46551724137931033,0.3157894736842105,0.8333333333333334
302,6291172,Kansas St.,Away team,78.0,10,13,0.4716981132075472,0.38461538461538464,0.7419354838709677,39,8,31,12,1,3,10,19,3,4.0,1,78.0,0.4716981132075472,0.38461538461538464,0.7419354838709677
303,6291172,Texas,Home team,74.0,7,13,0.423728813559322,0.2608695652173913,0.75,32,6,26,11,6,6,7,23,-3,-4.0,0,74.0,0.423728813559322,0.2608695652173913,0.75
304,6291357,Air Force,Away team,56.0,11,13,0.4,0.25,0.6923076923076923,25,4,21,13,6,6,14,15,5,-26.0,0,56.0,0.4,0.25,0.6923076923076923
305,6291357,New Mexico,Home team,82.0,6,13,0.47058823529411764,0.2857142857142857,0.9230769230769231,45,16,29,21,9,4,9,16,-5,26.0,1,82.0,0.47058823529411764,0.2857142857142857,0.9230769230769231
306,6291486,Vanderbilt,Away team,85.0,13,13,0.5238095238095238,0.4,0.6190476190476191,35,8,27,11,9,2,13,19,1,-5.0,0,85.0,0.5238095238095238,0.4,0.6190476190476191
307,6291486,Arkansas,Home team,90.0,12,13,0.4461538461538462,0.36,0.8846153846153846,35,9,26,14,8,7,10,17,-1,5.0,1,90.0,0.4461538461538462,0.36,0.8846153846153846
308,6291731,Lehigh,Away team,55.0,6,13,0.36507936507936506,0.17857142857142858,0.4444444444444444,27,9,18,12,6,0,7,13,5,-19.0,0,71.66666666666667,0.4345136345136345,0.4141215106732348,0.674074074074074
309,6291731,Colgate,Home team,74.0,1,13,0.5555555555555556,0.21052631578947367,0.625,43,9,34,14,3,4,12,11,-5,19.0,1,74.33333333333333,0.5141216082392553,0.29370485036119715,0.637987012987013
310,6291293,Saint Louis,Away team,73.0,14,13,0.4666666666666667,0.4,0.7666666666666667,33,6,27,10,3,3,13,18,8,-10.0,0,73.5,0.47062146892655365,0.33636363636363636,0.6833333333333333
311,6291293,Duquesne,Home team,83.0,6,13,0.5081967213114754,0.45454545454545453,0.55,30,7,23,22,9,3,5,22,-8,10.0,1,83.0,0.5081967213114754,0.45454545454545453,0.55
312,6291013,UMES,Away team,81.0,7,13,0.5087719298245614,0.3157894736842105,0.6538461538461539,34,12,22,10,8,3,13,25,5,-6.0,0,81.0,0.5087719298245614,0.3157894736842105,0.6538461538461539
313,6291013,NC Central,Home team,87.0,2,13,0.44642857142857145,0.45,0.7777777777777778,35,13,22,12,6,2,13,24,-5,6.0,1,87.0,0.44642857142857145,0.45,0.7777777777777778
314,6291254,Middle Tenn.,Away team,70.0,7,13,0.39622641509433965,0.42857142857142855,0.8636363636363636,33,5,28,9,6,5,11,14,5,3.0,1,70.0,0.39622641509433965,0.42857142857142855,0.8636363636363636
315,6291254,Louisiana Tech,Home team,67.0,2,13,0.3968253968253968,0.35714285714285715,0.6666666666666666,41,14,27,14,5,4,9,12,-5,-3.0,0,67.0,0.3968253968253968,0.35714285714285715,0.6666666666666666
316,6291260,Iona,Away team,63.0,7,13,0.43859649122807015,0.32,0.625,32,5,27,14,6,2,12,15,5,-5.0,0,61.5,0.410207336523126,0.34518518518518515,0.5982142857142857
317,6291260,Fairfield,Home team,68.0,2,13,0.43103448275862066,0.18181818181818182,0.8235294117647058,38,9,29,8,11,3,10,10,-5,5.0,1,68.0,0.43103448275862066,0.18181818181818182,0.8235294117647058
318,6291336,DePaul,Away team,57.0,11,13,0.36666666666666664,0.32142857142857145,0.8,37,9,28,14,7,3,7,9,5,-1.0,0,57.0,0.36666666666666664,0.32142857142857145,0.8
319,6291336,Villanova,Home team,58.0,6,13,0.4230769230769231,0.3142857142857143,0.5,33,3,30,17,3,6,10,11,-5,1.0,1,58.0,0.4230769230769231,0.3142857142857143,0.5
320,6291342,CSU Bakersfield,Away team,78.0,8,13,0.5517241379310345,0.4166666666666667,0.8181818181818182,30,9,21,13,4,4,14,24,3,-5.0,0,78.0,0.5517241379310345,0.4166666666666667,0.8181818181818182
321,6291342,UC Riverside,Home team,83.0,5,13,0.48,0.4782608695652174,0.7058823529411765,26,8,18,16,11,1,10,12,-3,5.0,1,83.0,0.48,0.4782608695652174,0.7058823529411765
322,6291452,Cal Baptist,Away team,74.0,8,13,0.43859649122807015,0.42105263157894735,0.6956521739130435,35,9,26,19,9,2,12,20,3,11.0,1,74.0,0.43859649122807015,0.42105263157894735,0.6956521739130435
323,6291452,Utah Valley,Home team,63.0,5,13,0.39285714285714285,0.16666666666666666,0.8095238095238095,36,12,24,9,5,2,13,18,-3,-11.0,0,63.0,0.39285714285714285,0.16666666666666666,0.8095238095238095
324,6291567,Stanford,Away team,87.0,10,13,0.4264705882352941,0.20833333333333334,0.6666666666666666,53,19,34,13,10,6,11,16,3,11.0,1,87.0,0.4264705882352941,0.20833333333333334,0.6666666666666666
325,6291567,California,Home team,76.0,7,13,0.39436619718309857,0.4,0.6666666666666666,39,12,27,21,6,1,13,24,-3,-11.0,0,76.0,0.39436619718309857,0.4,0.6666666666666666
326,6291581,Michigan,Away team,57.0,14,13,0.3448275862068966,0.2222222222222222,0.7222222222222222,42,16,26,15,4,3,15,22,3,-9.0,0,57.0,0.3448275862068966,0.2222222222222222,0.7222222222222222
327,6291581,Penn St.,Home team,66.0,11,13,0.3829787234042553,0.4117647058823529,0.7931034482758621,32,6,26,10,7,5,10,19,-3,9.0,1,66.0,0.3829787234042553,0.4117647058823529,0.7931034482758621
328,6291094,Boston College,Away team,76.0,11,13,0.43103448275862066,0.3448275862068966,1.0,43,13,30,12,5,3,9,16,5,21.0,1,78.5,0.4615489874110563,0.349833147942158,0.9444444444444444
329,6291094,Clemson,Home team,55.0,6,13,0.35185185185185186,0.2,0.7647058823529411,27,8,19,10,4,3,8,15,-5,-21.0,0,55.0,0.35185185185185186,0.2,0.7647058823529411
330,6291173,Cincinnati,Away team,72.0,11,13,0.3835616438356164,0.34615384615384615,0.7777777777777778,49,16,33,10,6,4,10,10,5,20.0,1,81.0,0.41485774499473127,0.38360323886639675,0.7698412698412698
331,6291173,Kansas,Home team,52.0,6,13,0.3387096774193548,0.15,0.7,38,8,30,13,4,7,12,10,-5,-20.0,0,52.0,0.3387096774193548,0.15,0.7
332,6291443,Alabama St.,Away team,50.0,8,13,0.30357142857142855,0.2962962962962963,0.7272727272727273,36,8,28,10,5,7,7,16,7,-6.0,0,50.0,0.30357142857142855,0.2962962962962963,0.7272727272727273
333,6291443,Grambling,Home team,56.0,1,13,0.3673469387755102,0.47368421052631576,0.6875,38,7,31,9,2,7,10,11,-7,6.0,1,56.0,0.3673469387755102,0.47368421052631576,0.6875
334,6291487,Missouri,Away team,59.0,14,13,0.38333333333333336,0.19047619047619047,0.9,42,14,28,14,7,5,12,11,3,-5.0,0,59.0,0.38333333333333336,0.19047619047619047,0.9
335,6291487,Georgia,Home team,64.0,11,13,0.4,0.41379310344827586,0.5714285714285714,32,9,23,17,9,3,9,10,-3,5.0,1,64.0,0.4,0.41379310344827586,0.5714285714285714
336,6290486,Montana St.,Away team,85.0,5,13,0.5,0.2608695652173913,0.6818181818181818,32,9,23,8,8,0,3,17,2,15.0,1,83.33333333333333,0.5149331662489557,0.3832528180354267,0.8152356902356902
337,6290486,Montana,Home team,70.0,3,13,0.4528301886792453,0.3333333333333333,0.7272727272727273,34,9,25,8,2,3,15,15,-2,-15.0,0,76.33333333333333,0.505037529043952,0.35555555555555557,0.7535353535353536
338,6291343,CS Northridge,Away team,87.0,7,13,0.46774193548387094,0.42105263157894735,0.6176470588235294,43,11,32,19,6,2,11,27,1,3.0,1,87.0,0.46774193548387094,0.42105263157894735,0.6176470588235294
339,6291343,UCSB,Home team,84.0,6,13,0.3870967741935484,0.2962962962962963,0.7567567567567568,41,11,30,14,9,4,12,27,-1,-3.0,0,84.0,0.3870967741935484,0.2962962962962963,0.7567567567567568
340,6291453,Abilene Christian,Away team,57.0,7,13,0.4186046511627907,0.3333333333333333,0.782608695652174,37,7,30,9,3,4,22,23,1,-3.0,0,57.0,0.4186046511627907,0.3333333333333333,0.782608695652174
341,6291453,Stephen F. Austin,Home team,60.0,6,13,0.4,0.4444444444444444,0.48,25,4,21,11,10,3,13,24,-1,3.0,1,60.0,0.4,0.4444444444444444,0.48
342,6291568,Arizona St.,Away team,57.0,11,13,0.3142857142857143,0.15789473684210525,0.5882352941176471,36,14,22,6,10,0,11,17,5,-33.0,0,57.0,0.3142857142857143,0.15789473684210525,0.5882352941176471
343,6291568,Utah,Home team,90.0,6,13,0.5925925925925926,0.46153846153846156,0.6666666666666666,42,5,37,15,10,1,18,15,-5,33.0,1,90.0,0.5925925925925926,0.46153846153846156,0.6666666666666666
344,6291080,Kent St.,Away team,67.0,8,14,0.4482758620689655,0.21739130434782608,0.6666666666666666,39,12,27,6,5,5,12,20,7,8.0,1,67.0,0.4482758620689655,0.21739130434782608,0.6666666666666666
345,6291080,Toledo,Home team,59.0,1,14,0.39285714285714285,0.29411764705882354,0.47619047619047616,34,12,22,8,7,2,10,17,-7,-8.0,0,59.0,0.39285714285714285,0.29411764705882354,0.47619047619047616
346,6291287,Saint Joseph's,Away team,66.0,9,14,0.41818181818181815,0.2727272727272727,0.7777777777777778,40,11,29,8,4,1,12,11,8,5.0,1,65.0,0.43458110516934045,0.32154882154882153,0.788888888888889
347,6291287,Richmond,Home team,61.0,1,14,0.42857142857142855,0.2777777777777778,0.7272727272727273,29,5,24,16,6,3,8,17,-8,-5.0,0,61.0,0.42857142857142855,0.2777777777777778,0.7272727272727273
348,6291087,Florida St.,Away team,67.0,9,14,0.4098360655737705,0.25,0.7222222222222222,22,7,15,10,10,6,12,17,8,-25.0,0,76.5,0.4734365513054038,0.2403846153846154,0.7777777777777778
349,6291087,North Carolina,Home team,92.0,1,14,0.5230769230769231,0.42105263157894735,0.8,48,17,31,18,6,3,13,13,-8,25.0,1,92.0,0.5230769230769231,0.42105263157894735,0.8
350,6291330,Xavier,Away team,60.0,9,14,0.3442622950819672,0.23809523809523808,0.8666666666666667,28,7,21,13,6,2,8,14,8,-27.0,0,68.0,0.40347443112307313,0.27813852813852813,0.8222222222222222
351,6291330,UConn,Home team,87.0,1,14,0.5833333333333334,0.3333333333333333,0.5555555555555556,43,9,34,29,2,4,9,10,-8,27.0,1,87.0,0.5833333333333334,0.3333333333333333,0.5555555555555556
352,6291611,Tulsa,Away team,79.0,9,14,0.4339622641509434,0.39285714285714285,0.6875,26,6,20,16,8,3,8,26,1,-5.0,0,79.0,0.4339622641509434,0.39285714285714285,0.6875
353,6291611,East Carolina,Home team,84.0,8,14,0.5,0.4,0.6857142857142857,41,13,28,17,5,2,10,22,-1,5.0,1,84.0,0.5,0.4,0.6857142857142857
354,6291082,Bowling Green,Away team,66.0,5,14,0.36666666666666664,0.35,0.7894736842105263,51,18,33,8,4,5,9,10,1,10.0,1,66.0,0.36666666666666664,0.35,0.7894736842105263
355,6291082,Central Mich.,Home team,56.0,4,14,0.3728813559322034,0.3333333333333333,0.6666666666666666,28,6,22,14,5,4,7,13,-1,-10.0,0,56.0,0.3728813559322034,0.3333333333333333,0.6666666666666666
356,6291089,Wake Forest,Away team,69.0,5,14,0.46,0.2857142857142857,0.7391304347826086,27,7,20,11,10,4,15,18,1,-12.0,0,70.5,0.45881355932203394,0.29910714285714285,0.6945652173913044
357,6291089,Pitt,Home team,81.0,4,14,0.48148148148148145,0.391304347826087,0.8,33,10,23,11,10,3,11,17,-1,12.0,1,81.0,0.48148148148148145,0.391304347826087,0.8
358,6291577,Maryland,Away team,56.0,12,14,0.39285714285714285,0.4,0.6,25,7,18,10,7,4,11,11,7,-31.0,0,60.5,0.41211484593837533,0.375,0.6684210526315789
359,6291577,Wisconsin,Home team,87.0,5,14,0.5166666666666667,0.64,0.8181818181818182,42,12,30,25,5,2,13,17,-7,31.0,1,87.0,0.5166666666666667,0.64,0.8181818181818182
360,6291123,TCU,Away team,45.0,8,14,0.2328767123287671,0.1,0.6428571428571429,55,30,25,5,10,2,15,14,7,-15.0,0,61.0,0.3522874127681571,0.24444444444444446,0.7060439560439561
361,6291123,Houston,Home team,60.0,1,14,0.39622641509433965,0.34782608695652173,0.7142857142857143,39,9,30,10,9,9,13,16,-7,15.0,1,60.0,0.39622641509433965,0.34782608695652173,0.7142857142857143
362,6291351,Fresno St.,Away team,75.0,9,14,0.421875,0.3333333333333333,0.7857142857142857,36,9,27,13,5,1,14,27,8,-12.0,0,76.0,0.47689494680851063,0.3333333333333333,0.8711180124223603
363,6291351,Utah St.,Home team,87.0,1,14,0.43548387096774194,0.28,0.7222222222222222,41,13,28,18,9,2,8,16,-8,12.0,1,87.0,0.43548387096774194,0.28,0.7222222222222222
364,6291446,Jackson St.,Away team,62.0,6,14,0.3225806451612903,0.21739130434782608,0.7083333333333334,36,20,16,14,8,0,11,14,3,-11.0,0,62.0,0.3225806451612903,0.21739130434782608,0.7083333333333334
365,6291446,Texas Southern,Home team,73.0,3,14,0.46153846153846156,0.3,0.8636363636363636,36,13,23,9,3,2,14,16,-3,11.0,1,73.0,0.46153846153846156,0.3,0.8636363636363636
366,6291561,USC,Away team,49.0,9,14,0.35714285714285715,0.2727272727272727,0.5,30,9,21,9,6,7,18,19,8,-21.0,0,64.5,0.4285714285714286,0.34090909090909094,0.6071428571428572
367,6291561,Arizona,Home team,70.0,1,14,0.45614035087719296,0.3684210526315789,0.6111111111111112,44,14,30,11,10,3,14,14,-8,21.0,1,70.0,0.45614035087719296,0.3684210526315789,0.6111111111111112
368,6291483,Arkansas,Away team,66.0,12,14,0.5192307692307693,0.23076923076923078,0.9,26,4,22,12,5,5,14,16,7,-14.0,0,78.0,0.48269230769230775,0.29538461538461536,0.8923076923076922
369,6291483,South Carolina,Home team,80.0,5,14,0.5245901639344263,0.2,0.6190476190476191,33,12,21,18,7,0,8,15,-7,14.0,1,80.0,0.5245901639344263,0.2,0.6190476190476191
370,6291289,St. Bonaventure,Away team,75.0,7,14,0.36666666666666664,0.2222222222222222,0.8709677419354839,44,13,31,8,9,6,17,23,5,1.0,1,75.0,0.3988505747126436,0.3111111111111111,0.8313172043010753
371,6291289,Loyola Chicago,Home team,74.0,2,14,0.3333333333333333,0.2608695652173913,0.6666666666666666,49,23,26,18,8,8,12,24,-5,-1.0,0,74.0,0.3333333333333333,0.2608695652173913,0.6666666666666666
372,6291352,San Diego St.,Away team,74.0,5,14,0.36619718309859156,0.2608695652173913,0.6153846153846154,50,25,25,12,9,4,13,20,1,3.0,1,74.0,0.36619718309859156,0.2608695652173913,0.6153846153846154
373,6291352,UNLV,Home team,71.0,4,14,0.40384615384615385,0.3684210526315789,0.7586206896551724,31,9,22,9,4,7,13,23,-1,-3.0,0,71.0,0.40384615384615385,0.3684210526315789,0.7586206896551724
374,6291562,UCLA,Away team,66.0,5,14,0.44,0.23809523809523808,0.7083333333333334,33,10,23,7,5,4,11,22,1,-2.0,0,66.5,0.4808695652173913,0.419047619047619,0.6666666666666667
375,6291562,Oregon,Home team,68.0,4,14,0.42857142857142855,0.2,0.7619047619047619,34,11,23,13,5,1,8,20,-1,2.0,1,68.0,0.42857142857142855,0.2,0.7619047619047619
376,6291012,Morgan St.,Away team,65.0,5,14,0.46153846153846156,0.125,0.7272727272727273,28,4,24,15,5,9,14,19,1,-13.0,0,65.0,0.46153846153846156,0.125,0.7272727272727273
377,6291012,Howard,Home team,78.0,4,14,0.4482758620689655,0.4117647058823529,0.6333333333333333,38,12,26,11,7,3,12,18,-1,13.0,1,78.0,0.4482758620689655,0.4117647058823529,0.6333333333333333
378,6291083,Western Mich.,Away team,55.0,6,14,0.3275862068965517,0.2962962962962963,0.47368421052631576,42,13,29,8,2,7,18,16,3,-27.0,0,55.0,0.3275862068965517,0.2962962962962963,0.47368421052631576
379,6291083,Ohio,Home team,82.0,3,14,0.41333333333333333,0.3103448275862069,0.6875,46,16,30,18,12,4,3,15,-3,27.0,1,82.0,0.41333333333333333,0.3103448275862069,0.6875
380,6291251,UTEP,Away team,66.0,5,14,0.4791666666666667,0.1111111111111111,0.8636363636363636,33,8,25,9,11,0,13,15,1,9.0,1,66.0,0.4791666666666667,0.1111111111111111,0.8636363636363636
381,6291251,Liberty,Home team,57.0,4,14,0.44,0.45,0.4,26,7,19,17,4,5,15,20,-1,-9.0,0,57.0,0.44,0.45,0.4
382,6291261,Niagara,Away team,59.0,6,14,0.4583333333333333,0.3125,0.6666666666666666,23,5,18,11,9,3,16,16,3,-6.0,0,63.0,0.48916666666666664,0.30842391304347827,0.641025641025641
383,6291261,Marist,Home team,65.0,3,14,0.5227272727272727,0.4,0.7894736842105263,28,4,24,13,12,2,15,14,-3,6.0,1,65.0,0.5227272727272727,0.4,0.7894736842105263
384,6291579,Ohio St.,Away team,90.0,10,14,0.5166666666666667,0.55,0.6538461538461539,42,10,32,18,4,5,11,21,3,12.0,1,90.0,0.5166666666666667,0.55,0.6538461538461539
385,6291579,Iowa,Home team,78.0,7,14,0.41935483870967744,0.38095238095238093,0.6666666666666666,36,11,25,19,3,4,8,23,-3,-12.0,0,78.0,0.41935483870967744,0.38095238095238093,0.6666666666666666
386,6291088,NC State,Away team,74.0,10,14,0.45901639344262296,0.4375,0.55,35,9,26,14,7,6,9,13,8,5.0,1,83.66666666666667,0.47089019413030986,0.3853070175438596,0.736111111111111
387,6291088,Duke,Home team,69.0,2,14,0.4307692307692308,0.25,0.5714285714285714,39,12,27,15,5,2,9,19,-8,-5.0,0,69.0,0.4307692307692308,0.25,0.5714285714285714
388,6291168,Kansas St.,Away team,57.0,10,14,0.3829787234042553,0.3333333333333333,0.6521739130434783,33,12,21,10,2,5,20,20,8,-19.0,0,67.5,0.42733841830590125,0.358974358974359,0.697054698457223
389,6291168,Iowa St.,Home team,76.0,2,14,0.46296296296296297,0.07142857142857142,0.8064516129032258,31,9,22,13,14,4,6,19,-8,19.0,1,76.0,0.46296296296296297,0.07142857142857142,0.8064516129032258
390,6291332,Providence,Away team,78.0,7,14,0.4142857142857143,0.2608695652173913,1.0,40,9,31,17,7,3,5,19,5,5.0,1,76.0,0.42142857142857143,0.3179347826086957,0.8888888888888888
391,6291332,Creighton,Home team,73.0,2,14,0.3793103448275862,0.23076923076923078,0.8846153846153846,39,7,32,11,3,5,11,13,-5,-5.0,0,73.0,0.3793103448275862,0.23076923076923078,0.8846153846153846
392,6291484,Ole Miss,Away team,71.0,10,14,0.4166666666666667,0.2903225806451613,0.5714285714285714,32,9,23,16,4,7,12,27,3,-9.0,0,71.0,0.4166666666666667,0.2903225806451613,0.5714285714285714
393,6291484,Texas A&M,Home team,80.0,7,14,0.36923076923076925,0.23809523809523808,0.7297297297297297,48,21,27,10,5,3,9,22,-3,9.0,1,80.0,0.36923076923076925,0.23809523809523808,0.7297297297297297
394,6291613,Tulane,Away team,71.0,10,14,0.4482758620689655,0.4444444444444444,0.6111111111111112,37,11,26,16,5,7,14,17,3,-10.0,0,71.0,0.4482758620689655,0.4444444444444444,0.6111111111111112
395,6291613,North Texas,Home team,81.0,7,14,0.421875,0.48,0.7142857142857143,38,13,25,18,9,4,8,14,-3,10.0,1,81.0,0.421875,0.48,0.7142857142857143
396,6291290,Duquesne,Away team,65.0,6,14,0.42105263157894735,0.3181818181818182,0.7692307692307693,45,12,33,11,4,6,12,19,3,8.0,1,74.0,0.4646246764452114,0.38636363636363635,0.6596153846153847
397,6291290,Dayton,Home team,57.0,3,14,0.32,0.2692307692307692,0.72,28,8,20,10,4,3,7,13,-3,-8.0,0,57.0,0.32,0.2692307692307692,0.72
398,6291014,Delaware St.,Away team,71.0,6,14,0.37254901960784315,0.15384615384615385,0.7380952380952381,43,18,25,10,12,4,18,21,3,13.0,1,71.0,0.37254901960784315,0.15384615384615385,0.7380952380952381
399,6291014,S. Carolina St.,Home team,58.0,3,14,0.2978723404255319,0.36,0.8076923076923077,33,12,21,11,12,3,23,30,-3,-13.0,0,58.0,0.2978723404255319,0.36,0.8076923076923077
400,6291252,New Mexico St.,Away team,69.0,6,14,0.45161290322580644,0.3333333333333333,0.4375,36,10,26,8,4,5,12,21,3,-20.0,0,69.0,0.45161290322580644,0.3333333333333333,0.4375
401,6291252,Western Ky.,Home team,89.0,3,14,0.48333333333333334,0.38095238095238093,0.7419354838709677,37,9,28,15,9,7,6,15,-3,20.0,1,89.0,0.48333333333333334,0.38095238095238093,0.7419354838709677
402,6291262,Saint Peter's,Away team,50.0,5,14,0.28846153846153844,0.23076923076923078,0.6296296296296297,47,15,32,4,1,9,14,18,1,2.0,1,50.0,0.28846153846153844,0.23076923076923078,0.6296296296296297
403,6291262,Rider,Home team,48.0,4,14,0.29310344827586204,0.13333333333333333,0.7058823529411765,34,9,25,8,3,3,8,21,-1,-2.0,0,48.0,0.29310344827586204,0.13333333333333333,0.7058823529411765
404,6291340,CS Northridge,Away team,68.0,7,14,0.45161290322580644,0.17647058823529413,0.6923076923076923,37,11,26,15,3,3,11,23,4,-7.0,0,77.5,0.4596774193548387,0.29876160990712075,0.6549773755656109
405,6291340,Hawaii,Home team,75.0,3,14,0.42857142857142855,0.4166666666666667,0.68,36,9,27,17,3,3,11,17,-4,7.0,1,75.0,0.42857142857142855,0.4166666666666667,0.68
406,6291353,Colorado St.,Away team,85.0,7,14,0.5,0.35,0.7333333333333333,33,11,22,18,7,3,9,26,5,7.0,1,78.5,0.5141509433962264,0.33289473684210524,0.7
407,6291353,Nevada,Home team,78.0,2,14,0.4791666666666667,0.3333333333333333,0.7297297297297297,31,11,20,11,6,5,15,24,-5,-7.0,0,78.0,0.4791666666666667,0.3333333333333333,0.7297297297297297
408,6291450,Cal Baptist,Away team,57.0,8,14,0.41818181818181815,0.25,0.7777777777777778,29,8,21,14,3,2,9,14,4,-24.0,0,65.5,0.42838915470494415,0.3355263157894737,0.7367149758454106
409,6291450,Seattle,Home team,81.0,4,14,0.543859649122807,0.5217391304347826,0.7,32,7,25,24,3,1,6,13,-4,24.0,1,81.0,0.543859649122807,0.5217391304347826,0.7
410,6291563,Stanford,Away team,62.0,10,14,0.46296296296296297,0.2857142857142857,0.42857142857142855,25,4,21,13,7,0,11,12,8,-17.0,0,74.5,0.44471677559912853,0.24702380952380953,0.5476190476190476
411,6291563,Washington St.,Home team,79.0,2,14,0.5081967213114754,0.3181818181818182,0.7142857142857143,39,11,28,18,7,3,11,14,-8,17.0,1,79.0,0.5081967213114754,0.3181818181818182,0.7142857142857143
412,6291578,Penn St.,Away team,59.0,11,14,0.27586206896551724,0.25925925925925924,0.8333333333333334,39,13,26,11,4,7,10,20,5,-2.0,0,62.5,0.3294203961848863,0.33551198257080606,0.8132183908045978
413,6291578,Indiana,Home team,61.0,6,14,0.39285714285714285,0.25,0.7777777777777778,41,10,31,13,3,6,12,20,-5,2.0,1,61.0,0.39285714285714285,0.25,0.7777777777777778
414,6291090,Boston College,Away team,60.0,11,14,0.36363636363636365,0.3103448275862069,0.75,38,12,26,13,3,4,7,17,8,-6.0,0,72.33333333333333,0.42891144615282545,0.3366703744901743,0.8796296296296297
415,6291090,Virginia,Home team,66.0,3,14,0.4032258064516129,0.32,0.4444444444444444,45,15,30,18,6,4,7,11,-8,6.0,1,66.0,0.4032258064516129,0.32,0.4444444444444444
416,6291169,Cincinnati,Away team,56.0,11,14,0.4074074074074074,0.22727272727272727,0.7777777777777778,27,7,20,14,10,5,14,17,8,-12.0,0,72.66666666666667,0.41237429913229,0.3314930683351736,0.7724867724867724
417,6291169,Baylor,Home team,68.0,3,14,0.4,0.2631578947368421,0.8636363636363636,39,14,25,11,8,4,15,13,-8,12.0,1,68.0,0.4,0.2631578947368421,0.8636363636363636
418,6291333,Villanova,Away team,65.0,6,14,0.3448275862068966,0.2571428571428571,0.8,44,10,34,15,3,4,11,18,3,-6.0,0,61.5,0.38395225464190985,0.2857142857142857,0.65
419,6291333,Marquette,Home team,71.0,3,14,0.3968253968253968,0.35714285714285715,0.7333333333333333,37,7,30,13,7,1,5,17,-3,6.0,1,71.0,0.3968253968253968,0.35714285714285715,0.7333333333333333
420,6291341,UC Riverside,Away team,67.0,5,14,0.328125,0.25,0.8095238095238095,33,11,22,10,5,1,5,21,1,-19.0,0,75.0,0.4040625,0.3641304347826087,0.757703081232493
421,6291341,Long Beach St.,Home team,86.0,4,14,0.5454545454545454,0.42105263157894735,0.6666666666666666,44,10,34,22,2,4,10,22,-1,19.0,1,86.0,0.5454545454545454,0.42105263157894735,0.6666666666666666
422,6291354,New Mexico,Away team,76.0,6,14,0.4375,0.25,0.625,45,13,32,12,10,7,11,14,3,10.0,1,79.0,0.4540441176470588,0.26785714285714285,0.7740384615384616
423,6291354,Boise St.,Home team,66.0,3,14,0.29411764705882354,0.29411764705882354,0.7619047619047619,46,18,28,13,5,6,12,18,-3,-10.0,0,66.0,0.29411764705882354,0.29411764705882354,0.7619047619047619
424,6291564,Utah,Away team,58.0,6,14,0.328125,0.26666666666666666,0.5714285714285714,37,11,26,14,4,3,4,13,3,-14.0,0,74.0,0.4603587962962963,0.36410256410256414,0.6190476190476191
425,6291564,Colorado,Home team,72.0,3,14,0.4444444444444444,0.5,0.75,47,11,36,15,2,1,7,11,-3,14.0,1,72.0,0.4444444444444444,0.5,0.75
426,6291572,Michigan St.,Away team,62.0,8,15,0.39344262295081966,0.2222222222222222,0.8333333333333334,37,14,23,15,4,8,13,29,7,-5.0,0,62.0,0.39344262295081966,0.2222222222222222,0.8333333333333334
427,6291572,Purdue,Home team,67.0,1,15,0.41509433962264153,0.35714285714285715,0.6666666666666666,36,12,24,19,7,3,11,17,-7,5.0,1,67.0,0.41509433962264153,0.35714285714285715,0.6666666666666666
428,6291249,UTEP,Away team,65.0,5,15,0.4375,0.2857142857142857,0.6785714285714286,36,11,25,6,12,1,17,26,4,2.0,1,65.5,0.45833333333333337,0.1984126984126984,0.7711038961038961
429,6291249,Sam Houston St.,Home team,63.0,1,15,0.4117647058823529,0.2,0.5588235294117647,33,12,21,4,7,1,15,19,-4,-2.0,0,70.5,0.43665158371040724,0.2590909090909091,0.6722689075630253
430,6291478,Mississippi St.,Away team,73.0,9,15,0.5531914893617021,0.3076923076923077,0.7727272727272727,31,5,26,11,9,2,15,14,8,17.0,1,73.0,0.5531914893617021,0.3076923076923077,0.7727272727272727
431,6291478,Tennessee,Home team,56.0,1,15,0.3064516129032258,0.24242424242424243,0.8333333333333334,33,14,19,12,8,1,14,17,-8,-17.0,0,56.0,0.3064516129032258,0.24242424242424243,0.8333333333333334
432,6291585,East Carolina,Away team,59.0,8,15,0.3620689655172414,0.30434782608695654,0.5,40,14,26,12,8,3,13,15,7,-22.0,0,71.5,0.43103448275862066,0.3521739130434783,0.5928571428571429
433,6291585,South Florida,Home team,81.0,1,15,0.5172413793103449,0.45161290322580644,0.5,35,7,28,18,10,8,9,19,-7,22.0,1,81.0,0.5172413793103449,0.45161290322580644,0.5
434,6291573,Wisconsin,Away team,70.0,5,15,0.46153846153846156,0.45454545454545453,0.6666666666666666,36,7,29,15,6,3,10,17,1,9.0,1,78.5,0.48910256410256414,0.5472727272727272,0.7424242424242424
435,6291573,Northwestern,Home team,61.0,4,15,0.37735849056603776,0.34782608695652173,0.7647058823529411,30,6,24,12,6,4,9,16,-1,-9.0,0,61.0,0.37735849056603776,0.34782608695652173,0.7647058823529411
436,6291250,Middle Tenn.,Away team,54.0,7,15,0.3103448275862069,0.25925925925925924,0.6111111111111112,35,8,27,9,3,4,18,14,4,-31.0,0,62.0,0.3532856213402733,0.3439153439153439,0.7373737373737375
437,6291250,Western Ky.,Home team,85.0,3,15,0.484375,0.5,0.9230769230769231,44,7,37,9,11,2,15,17,-4,31.0,1,87.0,0.4838541666666667,0.44047619047619047,0.8325062034739454
438,6291441,Beth.-Cookman,Away team,53.0,5,15,0.29310344827586204,0.26666666666666666,0.9375,38,10,28,7,9,4,11,20,4,-12.0,0,53.0,0.29310344827586204,0.26666666666666666,0.9375
439,6291441,Grambling,Home team,65.0,1,15,0.4166666666666667,0.4666666666666667,0.5806451612903226,36,6,30,10,6,6,12,13,-4,12.0,1,60.5,0.39200680272108845,0.47017543859649125,0.6340725806451613
440,6291586,Wichita St.,Away team,60.0,12,15,0.3898305084745763,0.25,0.6923076923076923,40,13,27,10,3,7,9,18,8,-12.0,0,74.0,0.44491525423728817,0.3869047619047619,0.6961538461538461
441,6291586,UAB,Home team,72.0,4,15,0.4126984126984127,0.3333333333333333,0.6363636363636364,40,16,24,13,5,7,4,13,-8,12.0,1,72.0,0.4126984126984127,0.3333333333333333,0.6363636363636364
442,6291479,South Carolina,Away team,55.0,5,15,0.2807017543859649,0.25,0.7142857142857143,40,13,27,9,2,4,10,16,1,-31.0,0,67.5,0.4026459591601956,0.225,0.6666666666666667
443,6291479,Auburn,Home team,86.0,4,15,0.4927536231884058,0.47368421052631576,0.5294117647058824,42,12,30,18,6,8,5,21,-1,31.0,1,86.0,0.4927536231884058,0.47368421052631576,0.5294117647058824
444,6291078,Kent St.,Away team,73.0,8,15,0.5098039215686274,0.6666666666666666,0.5625,33,9,24,12,5,0,12,16,3,13.0,1,70.0,0.47903989181879647,0.44202898550724634,0.6145833333333333
445,6291078,Bowling Green,Home team,60.0,5,15,0.37735849056603776,0.2,0.9411764705882353,29,9,20,7,5,1,9,19,-3,-13.0,0,63.0,0.3720125786163522,0.275,0.8653250773993808
446,6291328,UConn,Away team,,1,15,0.5740740740740741,0.5,0.9166666666666666,30,7,23,23,3,6,10,18,-4,,0,,0.5787037037037037,0.41666666666666663,0.7361111111111112
447,6291328,Saint John's,Home team,95.0,5,15,0.4507042253521127,0.45454545454545453,0.8888888888888888,34,17,17,16,2,3,5,19,4,,0,95.0,0.4507042253521127,0.45454545454545453,0.8888888888888888
448,6291009,Howard,Away team,80.0,4,15,0.5348837209302325,0.5238095238095238,0.8518518518518519,30,7,23,17,2,2,15,18,3,6.0,1,79.0,0.491579791499599,0.4677871148459384,0.7425925925925926
449,6291009,Norfolk St.,Home team,74.0,1,15,0.49056603773584906,0.3125,0.68,19,7,12,13,8,3,8,20,-3,-6.0,0,74.5,0.48057713651498335,0.32291666666666663,0.7288888888888889
450,6291257,Saint Peter's,Away team,62.0,5,15,0.3888888888888889,0.4117647058823529,0.7222222222222222,35,12,23,10,5,7,10,23,4,2.0,1,56.0,0.3386752136752137,0.3212669683257918,0.6759259259259259
451,6291257,Quinnipiac,Home team,60.0,1,15,0.37735849056603776,0.3,0.6296296296296297,39,15,24,12,2,2,10,16,-4,-2.0,0,68.0,0.43471099131476487,0.36428571428571427,0.7148148148148148
452,6291574,Ohio St.,Away team,74.0,10,15,0.45454545454545453,0.26666666666666666,0.7692307692307693,40,14,26,15,6,5,11,27,8,-3.0,0,82.0,0.4856060606060606,0.4083333333333333,0.7115384615384616
453,6291574,Illinois,Home team,77.0,2,15,0.41935483870967744,0.26666666666666666,0.65625,44,19,25,12,2,4,11,13,-8,3.0,1,77.0,0.41935483870967744,0.26666666666666666,0.65625
454,6291085,Pitt,Away team,65.0,4,15,0.38461538461538464,0.3333333333333333,1.0,34,8,26,10,4,2,5,17,3,-7.0,0,73.0,0.43304843304843305,0.36231884057971014,0.9
455,6291085,North Carolina,Home team,72.0,1,15,0.43333333333333335,0.2727272727272727,0.7368421052631579,44,12,32,16,3,2,9,12,-3,7.0,1,82.0,0.4782051282051282,0.34688995215311,0.7684210526315789
456,6291480,Texas A&M,Away team,97.0,7,15,0.463768115942029,0.4230769230769231,0.7333333333333333,38,13,25,14,9,3,6,17,5,10.0,1,88.5,0.41649944258639915,0.3305860805860806,0.7315315315315315
457,6291480,Kentucky,Home team,87.0,2,15,0.5,0.4074074074074074,0.7272727272727273,34,9,25,21,4,10,14,24,-5,-10.0,0,87.0,0.5,0.4074074074074074,0.7272727272727273
458,6291587,North Texas,Away team,71.0,7,15,0.4067796610169492,0.3333333333333333,0.8,31,12,19,8,7,2,9,22,5,-6.0,0,76.0,0.4143273305084746,0.4066666666666666,0.7571428571428571
459,6291587,FAU,Home team,77.0,2,15,0.4807692307692308,0.25,0.7058823529411765,36,12,24,10,7,2,11,18,-5,6.0,1,77.0,0.4807692307692308,0.25,0.7058823529411765
460,6291010,Delaware St.,Away team,71.0,6,15,0.44642857142857145,0.23076923076923078,0.72,41,17,24,9,7,1,14,13,4,13.0,1,71.0,0.40948879551820727,0.19230769230769232,0.729047619047619
461,6291010,NC Central,Home team,58.0,2,15,0.34375,0.2727272727272727,0.6153846153846154,39,20,19,7,7,2,18,17,-4,-13.0,0,72.5,0.3950892857142857,0.36136363636363633,0.6965811965811965
462,6291329,Providence,Away team,68.0,7,15,0.36363636363636365,0.22580645161290322,0.75,37,14,23,8,3,5,11,22,4,-11.0,0,73.33333333333333,0.40216450216450217,0.28722533894343155,0.8425925925925926
463,6291329,Marquette,Home team,79.0,3,15,0.45614035087719296,0.5333333333333333,0.7916666666666666,35,9,26,14,8,3,8,20,-4,11.0,1,75.0,0.4264828738512949,0.4452380952380952,0.7625
464,6291560,Oregon,Away team,67.0,4,15,0.423728813559322,0.30434782608695654,0.8333333333333334,38,11,27,13,10,7,10,19,3,8.0,1,67.5,0.4261501210653753,0.25217391304347825,0.7976190476190477
465,6291560,Arizona,Home team,59.0,1,15,0.3829787234042553,0.2631578947368421,0.6428571428571429,33,9,24,14,6,7,14,15,-3,-8.0,0,64.5,0.41955953714072414,0.3157894736842105,0.626984126984127
466,6291258,Marist,Away team,61.0,3,15,0.42,0.45,0.9090909090909091,33,5,28,16,3,4,13,17,1,-4.0,0,63.0,0.4713636363636363,0.42500000000000004,0.8492822966507176
467,6291258,Fairfield,Home team,65.0,2,15,0.3898305084745763,0.20833333333333334,0.7,34,10,24,8,9,5,6,14,-1,4.0,1,66.5,0.41043249561659845,0.19507575757575757,0.7617647058823529
468,6291338,Long Beach St.,Away team,83.0,4,15,0.45,0.3888888888888889,0.88,38,11,27,16,6,6,9,16,3,4.0,1,84.5,0.4977272727272727,0.4049707602339181,0.7733333333333333
469,6291338,UC Irvine,Home team,79.0,1,15,0.49230769230769234,0.35714285714285715,0.5263157894736842,38,14,24,16,4,0,8,20,-3,-4.0,0,79.0,0.49230769230769234,0.35714285714285715,0.5263157894736842
470,6291448,Seattle,Away team,72.0,4,15,0.42105263157894735,0.3,0.9,34,11,23,15,5,3,14,24,3,-8.0,0,76.5,0.4824561403508772,0.41086956521739126,0.8
471,6291448,Grand Canyon,Home team,80.0,1,15,0.45454545454545453,0.3333333333333333,0.71875,35,13,22,12,7,5,11,17,-3,8.0,1,80.0,0.45454545454545453,0.3333333333333333,0.71875
472,6291575,Indiana,Away team,66.0,6,15,0.35294117647058826,0.25,1.0,37,11,26,16,8,5,12,17,3,-27.0,0,63.5,0.37289915966386555,0.25,0.8888888888888888
473,6291575,Nebraska,Home team,93.0,3,15,0.5,0.4375,0.7916666666666666,40,7,33,20,8,4,11,13,-3,27.0,1,93.0,0.5,0.4375,0.7916666666666666
474,6291610,Temple,Away team,58.0,11,15,0.35714285714285715,0.23809523809523808,0.52,41,13,28,6,6,3,6,14,8,4.0,1,61.0,0.3588992974238876,0.2857142857142857,0.6717647058823529
475,6291610,Charlotte,Home team,54.0,3,15,0.32727272727272727,0.16666666666666666,0.8125,41,11,30,7,4,5,11,18,-8,-4.0,0,54.0,0.32727272727272727,0.16666666666666666,0.8125
476,6291121,Baylor,Away team,62.0,3,15,0.3898305084745763,0.20833333333333334,0.6470588235294118,42,14,28,14,4,3,13,16,1,-14.0,0,65.0,0.3949152542372881,0.2357456140350877,0.7553475935828877
477,6291121,Iowa St.,Home team,76.0,2,15,0.45,0.5,0.9230769230769231,28,4,24,17,9,3,6,16,-1,14.0,1,76.0,0.4564814814814815,0.2857142857142857,0.8647642679900744
478,6291349,San Diego St.,Away team,86.0,5,15,0.46774193548387094,0.34782608695652173,0.6666666666666666,43,14,29,14,6,6,5,23,4,16.0,1,80.0,0.41696955929123125,0.30434782608695654,0.641025641025641
479,6291349,Utah St.,Home team,70.0,1,15,0.4,0.25,0.65625,35,10,25,10,3,4,8,22,-4,-16.0,0,78.5,0.41774193548387095,0.265,0.6892361111111112
480,6291442,Alabama A&M,Away team,65.0,7,15,0.36363636363636365,0.23529411764705882,0.75,36,9,27,9,5,6,13,21,4,-7.0,0,70.0,0.3871753246753247,0.2767379679144385,0.7980769230769231
481,6291442,Texas Southern,Home team,72.0,3,15,0.43103448275862066,0.3157894736842105,0.8,32,7,25,10,6,3,9,22,-4,7.0,1,72.5,0.4462864721485411,0.3078947368421052,0.8318181818181818
482,6291481,Florida,Away team,102.0,6,15,0.5079365079365079,0.35,0.8611111111111112,39,9,30,9,5,4,7,22,3,14.0,1,102.0,0.5079365079365079,0.35,0.8611111111111112
483,6291481,Alabama,Home team,88.0,3,15,0.4647887323943662,0.24,0.6956521739130435,35,9,26,15,3,4,8,25,-3,-14.0,0,88.0,0.4647887323943662,0.24,0.6956521739130435
484,6291559,Colorado,Away team,58.0,3,15,0.43137254901960786,0.2,0.6470588235294118,29,10,19,10,9,0,12,10,1,6.0,1,65.0,0.43790849673202614,0.35,0.6985294117647058
485,6291559,Washington St.,Home team,52.0,2,15,0.4230769230769231,0.21052631578947367,0.5714285714285714,37,14,23,10,5,3,19,14,-1,-6.0,0,65.5,0.4656368221941992,0.2643540669856459,0.6428571428571428
486,6291339,Hawaii,Away team,65.0,3,15,0.4523809523809524,0.4,0.9130434782608695,27,4,23,8,5,1,15,15,1,-3.0,0,70.0,0.44047619047619047,0.4083333333333333,0.7965217391304348
487,6291339,UC Davis,Home team,68.0,2,15,0.4406779661016949,0.3125,0.8461538461538461,32,11,21,12,8,1,10,18,-1,3.0,1,68.0,0.4406779661016949,0.3125,0.8461538461538461
488,6291449,UT Arlington,Away team,87.0,3,15,0.5614035087719298,0.391304347826087,0.875,30,9,21,18,3,3,11,19,1,3.0,1,87.0,0.5614035087719298,0.391304347826087,0.875
489,6291449,Tarleton St.,Home team,84.0,2,15,0.5,0.4,0.9090909090909091,27,9,18,17,5,3,9,18,-1,-3.0,0,84.0,0.5,0.4,0.9090909090909091
490,6291350,Colorado St.,Away team,61.0,7,15,0.34285714285714286,0.21428571428571427,0.875,44,19,25,14,6,3,14,17,1,-13.0,0,72.66666666666667,0.4570530098831986,0.29335839598997493,0.7583333333333333
491,6291350,New Mexico,Home team,74.0,6,15,0.45161290322580644,0.38461538461538464,0.8125,39,12,27,16,6,9,9,13,-1,13.0,1,77.33333333333333,0.45323371283997466,0.3067765567765568,0.7868589743589745
492,6291439,Brown,Away team,90.0,4,16,0.559322033898305,0.36363636363636365,0.7272727272727273,41,9,32,24,9,5,18,18,3,9.0,1,90.0,0.559322033898305,0.36363636363636365,0.7272727272727273
493,6291439,Princeton,Home team,81.0,1,16,0.410958904109589,0.2571428571428571,0.7058823529411765,32,14,18,10,13,0,11,20,-3,-9.0,0,81.0,0.410958904109589,0.2571428571428571,0.7058823529411765
494,6291008,Delaware St.,Away team,67.0,6,16,0.38095238095238093,0.38461538461538464,0.7368421052631579,30,15,15,10,11,1,7,21,2,-3.0,0,69.66666666666667,0.3999766573295985,0.25641025641025644,0.7316457811194653
495,6291008,Howard,Home team,70.0,4,16,0.3829787234042553,0.32,0.8387096774193549,38,13,25,10,3,6,16,16,-2,3.0,1,76.0,0.4553794354678178,0.4185247432306256,0.7746316208681799
496,6291285,Saint Joseph's,Away team,60.0,9,16,0.43636363636363634,0.2962962962962963,0.5714285714285714,33,8,25,19,7,1,14,13,4,-6.0,0,63.333333333333336,0.43517528223410573,0.3131313131313131,0.7164021164021165
497,6291285,VCU,Home team,66.0,5,16,0.5087719298245614,0.2,0.5,30,7,23,8,10,5,8,12,-4,6.0,1,67.5,0.4567669172932331,0.29047619047619044,0.5961538461538461
498,6291476,Mississippi St.,Away team,66.0,9,16,0.4107142857142857,0.2,0.6296296296296297,37,17,20,7,11,3,14,19,5,-7.0,0,69.5,0.4819528875379939,0.25384615384615383,0.7011784511784511
499,6291476,Auburn,Home team,73.0,4,16,0.5,0.3157894736842105,0.7727272727272727,29,8,21,15,5,8,15,20,-5,7.0,1,79.5,0.4963768115942029,0.39473684210526316,0.6510695187165776
500,6291570,Wisconsin,Away team,76.0,5,16,0.43243243243243246,0.21875,0.5555555555555556,32,11,21,18,8,0,5,28,4,1.0,1,77.66666666666667,0.47021252021252025,0.4377651515151515,0.6801346801346803
501,6291570,Purdue,Home team,75.0,1,16,0.45098039215686275,0.3125,0.75,46,12,34,18,3,5,16,17,-4,-1.0,0,71.0,0.43303736588975217,0.3348214285714286,0.7083333333333333
502,6291438,Cornell,Away team,57.0,3,16,0.32786885245901637,0.29411764705882354,0.5833333333333334,34,8,26,15,6,3,7,20,1,-12.0,0,57.0,0.32786885245901637,0.29411764705882354,0.5833333333333334
503,6291438,Yale,Home team,69.0,2,16,0.4727272727272727,0.3333333333333333,0.5555555555555556,44,8,36,15,3,3,10,12,-1,12.0,1,69.0,0.4727272727272727,0.3333333333333333,0.5555555555555556
504,6291583,UAB,Away team,93.0,4,16,0.5333333333333333,0.3684210526315789,0.7333333333333333,40,13,27,17,7,4,8,20,3,10.0,1,82.5,0.473015873015873,0.3508771929824561,0.6848484848484848
505,6291583,South Florida,Home team,83.0,1,16,0.40625,0.39473684210526316,0.7272727272727273,33,14,19,18,5,3,8,21,-3,-10.0,0,82.0,0.46174568965517243,0.4231748726655348,0.6136363636363636
506,6291286,St. Bonaventure,Away team,60.0,7,16,0.40350877192982454,0.25,0.7272727272727273,30,9,21,11,7,4,11,11,1,-10.0,0,70.0,0.4004033071183706,0.29074074074074074,0.7966357119582925
507,6291286,Duquesne,Home team,70.0,6,16,0.5094339622641509,0.47619047619047616,0.8571428571428571,29,5,24,17,4,6,11,9,-1,10.0,1,72.66666666666667,0.47956110505152455,0.41630591630591623,0.7254578754578755
508,6291477,Texas A&M,Away team,90.0,7,16,0.42424242424242425,0.38095238095238093,0.8125,42,16,26,10,7,1,11,27,1,-5.0,0,89.0,0.41908043647174087,0.3473748473748473,0.758521021021021
509,6291477,Florida,Home team,95.0,6,16,0.4909090909090909,0.5384615384615384,0.7714285714285715,32,9,23,17,8,2,11,22,-1,5.0,1,98.5,0.49942279942279943,0.4442307692307692,0.8162698412698413
510,6291571,Nebraska,Away team,87.0,3,16,0.463768115942029,0.2962962962962963,0.7142857142857143,36,11,25,14,5,1,8,19,1,-11.0,0,90.0,0.4818840579710145,0.36689814814814814,0.7529761904761905
511,6291571,Illinois,Home team,98.0,2,16,0.463768115942029,0.37142857142857144,0.8076923076923077,42,14,28,18,3,3,9,18,-1,11.0,1,87.5,0.4415614773258532,0.319047619047619,0.7319711538461539
512,6291584,Temple,Away team,74.0,11,16,0.43103448275862066,0.5,0.631578947368421,26,4,22,8,9,0,8,21,9,1.0,1,65.33333333333333,0.38294435920213193,0.35714285714285715,0.6583694530443757
513,6291584,FAU,Home team,73.0,2,16,0.5416666666666666,0.17647058823529413,0.75,36,2,34,9,4,6,14,16,-9,-1.0,0,75.0,0.5112179487179487,0.21323529411764708,0.7279411764705883
514,6291119,Iowa St.,Away team,69.0,2,16,0.5,0.4090909090909091,0.5882352941176471,35,6,29,17,9,3,9,11,1,28.0,1,73.66666666666667,0.47098765432098766,0.3268398268398269,0.7725879433659321
515,6291119,Houston,Home team,41.0,1,16,0.26785714285714285,0.18181818181818182,0.875,34,11,23,7,6,2,12,15,-1,-28.0,0,50.5,0.3320417789757413,0.2648221343873518,0.7946428571428572
516,6291348,New Mexico,Away team,68.0,6,16,0.375,0.3,0.7,42,15,27,11,7,5,4,17,1,7.0,1,75.0,0.433675284629981,0.3050824175824176,0.7651442307692309
517,6291348,San Diego St.,Home team,61.0,5,16,0.35714285714285715,0.2,0.8947368421052632,38,10,28,13,3,8,10,17,-1,-7.0,0,73.66666666666667,0.39702732524177325,0.26956521739130435,0.725596041385515
518,6291327,Marquette,Away team,57.0,3,16,0.3888888888888889,0.3333333333333333,0.8181818181818182,32,5,27,10,7,2,10,14,2,-16.0,0,69.0,0.4139515455304929,0.4079365079365079,0.7810606060606061
519,6291327,UConn,Home team,73.0,1,16,0.45614035087719296,0.2916666666666667,0.8235294117647058,37,7,30,21,5,5,9,13,-2,16.0,1,,0.5378492527615335,0.375,0.7652505446623094
520,6291077,Kent St.,Away team,61.0,8,16,0.3787878787878788,0.21052631578947367,0.6363636363636364,36,13,23,5,5,3,5,16,6,-1.0,0,67.0,0.4456225541418239,0.36486142893465545,0.6218434343434343
521,6291077,Akron,Home team,62.0,2,16,0.39622641509433965,0.27586206896551724,0.75,37,9,28,10,2,4,13,15,-6,1.0,1,62.0,0.39622641509433965,0.27586206896551724,0.75
522,6291256,Saint Peter's,Away team,68.0,5,16,0.5227272727272727,0.46153846153846156,0.6153846153846154,36,10,26,9,1,7,12,18,3,5.0,1,60.0,0.40002590002590005,0.3680241327300151,0.6557454890788225
523,6291256,Fairfield,Home team,63.0,2,16,0.35384615384615387,0.2,0.7058823529411765,34,17,17,10,8,1,2,21,-3,-5.0,0,65.33333333333333,0.3915703816931169,0.1967171717171717,0.7431372549019608
524,6291084,NC State,Away team,84.0,10,16,0.5490196078431373,0.42857142857142855,0.7586206896551724,33,2,31,13,6,4,10,18,9,8.0,1,83.75,0.4904225475585167,0.39612312030075186,0.7417385057471264
525,6291084,North Carolina,Home team,76.0,1,16,0.373134328358209,0.26666666666666666,0.782608695652174,38,11,27,17,6,2,8,19,-9,-8.0,0,80.0,0.44318152825615514,0.32014885699096224,0.7731502669717772
526,6291558,Oregon,Away team,75.0,4,16,0.45901639344262296,0.11764705882352941,0.7083333333333334,31,9,22,14,9,1,3,16,1,7.0,1,70.0,0.43710554519112454,0.2073316283034953,0.7678571428571429
527,6291558,Colorado,Home team,68.0,3,16,0.4166666666666667,0.3181818181818182,0.9130434782608695,34,6,28,16,1,0,13,21,-1,-7.0,0,66.0,0.4308278867102397,0.33939393939393936,0.7700341005967605
528,6291440,Texas Southern,Away team,66.0,3,16,0.42592592592592593,0.18181818181818182,0.7272727272727273,29,12,17,7,5,1,11,20,2,-9.0,0,70.33333333333333,0.4394996234076694,0.2658692185007974,0.7969696969696969
529,6291440,Grambling,Home team,75.0,1,16,0.48936170212765956,0.42105263157894735,0.6774193548387096,29,8,21,16,9,4,11,16,-2,9.0,1,65.33333333333333,0.42445843585661214,0.45380116959064326,0.648521505376344
530,6291447,UT Arlington,Away team,74.0,3,16,0.49019607843137253,0.37037037037037035,0.6363636363636364,34,9,25,11,7,1,26,33,2,-15.0,0,80.5,0.5257997936016512,0.3808373590982287,0.7556818181818181
531,6291447,Grand Canyon,Home team,89.0,1,16,0.39655172413793105,0.3,0.74,36,14,22,13,12,2,14,22,-2,15.0,1,84.5,0.4255485893416928,0.31666666666666665,0.729375
532,6291437,Brown,Away team,61.0,4,17,0.41818181818181815,0.28,0.5333333333333333,34,7,27,13,3,3,9,11,2,-1.0,0,75.5,0.48875192604006157,0.32181818181818184,0.6303030303030304
533,6291437,Yale,Home team,62.0,2,17,0.390625,0.3181818181818182,0.5,41,13,28,18,5,7,8,15,-2,1.0,1,65.5,0.43167613636363633,0.32575757575757575,0.5277777777777778
534,6291266,Duquesne,Away team,57.0,6,17,0.2982456140350877,0.32,0.7142857142857143,41,18,23,13,12,2,13,14,1,6.0,1,68.75,0.43423223229741537,0.3922294372294372,0.7226648351648353
535,6291266,VCU,Home team,51.0,5,17,0.3617021276595745,0.20833333333333334,0.8571428571428571,32,8,24,9,10,9,16,16,-1,-6.0,0,62.0,0.42507865408201356,0.2630952380952381,0.683150183150183
536,6291475,Florida,Away team,67.0,6,17,0.36363636363636365,0.07692307692307693,0.72,39,13,26,9,8,6,11,17,2,-19.0,0,88.0,0.45416065416065415,0.32179487179487176,0.7841798941798942
537,6291475,Auburn,Home team,86.0,4,17,0.5081967213114754,0.3157894736842105,0.8181818181818182,39,6,33,18,9,10,12,20,-2,19.0,1,81.66666666666667,0.5003167814999604,0.3684210526315789,0.7067736185383245
538,6291582,Temple,Away team,69.0,11,17,0.4098360655737705,0.23809523809523808,0.8235294117647058,37,11,26,17,6,6,14,18,7,-16.0,0,66.25,0.38966728579504156,0.3273809523809524,0.6996594427244582
539,6291582,UAB,Home team,85.0,4,17,0.49206349206349204,0.42105263157894735,0.6818181818181818,36,9,27,19,13,5,8,13,-7,16.0,1,83.33333333333333,0.4793650793650794,0.3742690058479532,0.6838383838383838
540,6291569,Wisconsin,Away team,87.0,5,17,0.46875,0.35,0.8695652173913043,30,13,17,17,7,1,7,20,3,-6.0,0,80.0,0.4698468901593902,0.4158238636363636,0.7274923144488362
541,6291569,Illinois,Home team,93.0,2,17,0.5263157894736842,0.35,0.8666666666666667,37,13,24,14,2,5,9,19,-3,6.0,1,89.33333333333333,0.46981291470846354,0.32936507936507936,0.7768696581196582
